CLASS,DIVISION,CASTE,TOTAL
1,A,,400
1,A,   ,68920
1,A,0,4240
1,A,AGARWAL,80
1,A,AGRAWAL,40
1,A,AHIR,40
1,A,ANJANA,40
1,A,ARORA,40
1,A,BHANGI,40
1,A,BHARWAD,40
1,A,BHIL,160
1,A,BHRAMAN,40
1,A,BRAHMAN,40
1,A,BRAHMIN,200
1,A,CHAMAR,120
1,A,CHARA,40
1,A,CHHARA,160
1,A,Cristian,40
1,A,DARJI,40
1,A,DAWOODI BOHRA,80
1,A,DHOBI,40
1,A,DINJARI,40
1,A,GENERAL,40
1,A,GUJARATI,80
1,A,Hindhu,1840
1,A,HINDU,480
1,A,ISLAM DAWOODI BOHRA,40
1,A,JAIN,720
1,A,JAT,120
1,A,KADVA PATEL,120
1,A,KADVA PATIDAR,120
1,A,KALINGA,40
1,A,KSHATRIYA,40
1,A,Kumbhar,80
1,A,LUHAR,120
1,A,LUNKER,40
1,A,MADVADI,40
1,A,MAHESHWARI,40
1,A,MALI,40
1,A,MARWARI,40
1,A,MAURYA,40
1,A,MEENA,120
1,A,MISTRY,40
1,A,MOCHI,120
1,A,MUSLIM,40
1,A,NAIR,40
1,A,OBC,40
1,A,PANDIT,40
1,A,PATEL,1440
1,A,PATIDAR,40
1,A,PATNI,40
1,A,RABARI,40
1,A,RAJPUT,280
1,A,RAMANANDI SADHU,40
1,A,RAVAL,40
1,A,ROHIT,40
1,A,ROMAN CATHOITS,40
1,A,SHARMA,40
1,A,SIKH,40
1,A,SINDHI,7400
1,A,"SINDHI
",40
1,A,SINDHU,40
1,A,Suthar,40
1,A,TELI,40
1,A,VAGHARI,80
1,A,VALAND,40
1,A,VANKAR,360
1,A,WAGHRI,40
1,A,YADAV,40
1,B,,410
1,B,   ,70643
1,B,0,4346
1,B,AGARWAL,82
1,B,AGRAWAL,41
1,B,AHIR,41
1,B,ANJANA,41
1,B,ARORA,41
1,B,BHANGI,41
1,B,BHARWAD,41
1,B,BHIL,164
1,B,BHRAMAN,41
1,B,BRAHMAN,41
1,B,BRAHMIN,205
1,B,CHAMAR,123
1,B,CHARA,41
1,B,CHHARA,164
1,B,Cristian,41
1,B,DARJI,41
1,B,DAWOODI BOHRA,82
1,B,DHOBI,41
1,B,DINJARI,41
1,B,GENERAL,41
1,B,GUJARATI,82
1,B,Hindhu,1886
1,B,HINDU,492
1,B,ISLAM DAWOODI BOHRA,41
1,B,JAIN,738
1,B,JAT,123
1,B,KADVA PATEL,123
1,B,KADVA PATIDAR,123
1,B,KALINGA,41
1,B,KSHATRIYA,41
1,B,Kumbhar,82
1,B,LUHAR,123
1,B,LUNKER,41
1,B,MADVADI,41
1,B,MAHESHWARI,41
1,B,MALI,41
1,B,MARWARI,41
1,B,MAURYA,41
1,B,MEENA,123
1,B,MISTRY,41
1,B,MOCHI,123
1,B,MUSLIM,41
1,B,NAIR,41
1,B,OBC,41
1,B,PANDIT,41
1,B,PATEL,1476
1,B,PATIDAR,41
1,B,PATNI,41
1,B,RABARI,41
1,B,RAJPUT,287
1,B,RAMANANDI SADHU,41
1,B,RAVAL,41
1,B,ROHIT,41
1,B,ROMAN CATHOITS,41
1,B,SHARMA,41
1,B,SIKH,41
1,B,SINDHI,7585
1,B,"SINDHI
",41
1,B,SINDHU,41
1,B,Suthar,41
1,B,TELI,41
1,B,VAGHARI,82
1,B,VALAND,41
1,B,VANKAR,369
1,B,WAGHRI,41
1,B,YADAV,41
1,C,,360
1,C,   ,62028
1,C,0,3816
1,C,AGARWAL,72
1,C,AGRAWAL,36
1,C,AHIR,36
1,C,ANJANA,36
1,C,ARORA,36
1,C,BHANGI,36
1,C,BHARWAD,36
1,C,BHIL,144
1,C,BHRAMAN,36
1,C,BRAHMAN,36
1,C,BRAHMIN,180
1,C,CHAMAR,108
1,C,CHARA,36
1,C,CHHARA,144
1,C,Cristian,36
1,C,DARJI,36
1,C,DAWOODI BOHRA,72
1,C,DHOBI,36
1,C,DINJARI,36
1,C,GENERAL,36
1,C,GUJARATI,72
1,C,Hindhu,1656
1,C,HINDU,432
1,C,ISLAM DAWOODI BOHRA,36
1,C,JAIN,648
1,C,JAT,108
1,C,KADVA PATEL,108
1,C,KADVA PATIDAR,108
1,C,KALINGA,36
1,C,KSHATRIYA,36
1,C,Kumbhar,72
1,C,LUHAR,108
1,C,LUNKER,36
1,C,MADVADI,36
1,C,MAHESHWARI,36
1,C,MALI,36
1,C,MARWARI,36
1,C,MAURYA,36
1,C,MEENA,108
1,C,MISTRY,36
1,C,MOCHI,108
1,C,MUSLIM,36
1,C,NAIR,36
1,C,OBC,36
1,C,PANDIT,36
1,C,PATEL,1296
1,C,PATIDAR,36
1,C,PATNI,36
1,C,RABARI,36
1,C,RAJPUT,252
1,C,RAMANANDI SADHU,36
1,C,RAVAL,36
1,C,ROHIT,36
1,C,ROMAN CATHOITS,36
1,C,SHARMA,36
1,C,SIKH,36
1,C,SINDHI,6660
1,C,"SINDHI
",36
1,C,SINDHU,36
1,C,Suthar,36
1,C,TELI,36
1,C,VAGHARI,72
1,C,VALAND,36
1,C,VANKAR,324
1,C,WAGHRI,36
1,C,YADAV,36
1,D,,410
1,D,   ,70643
1,D,0,4346
1,D,AGARWAL,82
1,D,AGRAWAL,41
1,D,AHIR,41
1,D,ANJANA,41
1,D,ARORA,41
1,D,BHANGI,41
1,D,BHARWAD,41
1,D,BHIL,164
1,D,BHRAMAN,41
1,D,BRAHMAN,41
1,D,BRAHMIN,205
1,D,CHAMAR,123
1,D,CHARA,41
1,D,CHHARA,164
1,D,Cristian,41
1,D,DARJI,41
1,D,DAWOODI BOHRA,82
1,D,DHOBI,41
1,D,DINJARI,41
1,D,GENERAL,41
1,D,GUJARATI,82
1,D,Hindhu,1886
1,D,HINDU,492
1,D,ISLAM DAWOODI BOHRA,41
1,D,JAIN,738
1,D,JAT,123
1,D,KADVA PATEL,123
1,D,KADVA PATIDAR,123
1,D,KALINGA,41
1,D,KSHATRIYA,41
1,D,Kumbhar,82
1,D,LUHAR,123
1,D,LUNKER,41
1,D,MADVADI,41
1,D,MAHESHWARI,41
1,D,MALI,41
1,D,MARWARI,41
1,D,MAURYA,41
1,D,MEENA,123
1,D,MISTRY,41
1,D,MOCHI,123
1,D,MUSLIM,41
1,D,NAIR,41
1,D,OBC,41
1,D,PANDIT,41
1,D,PATEL,1476
1,D,PATIDAR,41
1,D,PATNI,41
1,D,RABARI,41
1,D,RAJPUT,287
1,D,RAMANANDI SADHU,41
1,D,RAVAL,41
1,D,ROHIT,41
1,D,ROMAN CATHOITS,41
1,D,SHARMA,41
1,D,SIKH,41
1,D,SINDHI,7585
1,D,"SINDHI
",41
1,D,SINDHU,41
1,D,Suthar,41
1,D,TELI,41
1,D,VAGHARI,82
1,D,VALAND,41
1,D,VANKAR,369
1,D,WAGHRI,41
1,D,YADAV,41
10,A,,480
10,A,   ,82704
10,A,0,5088
10,A,AGARWAL,96
10,A,AGRAWAL,48
10,A,AHIR,48
10,A,ANJANA,48
10,A,ARORA,48
10,A,BHANGI,48
10,A,BHARWAD,48
10,A,BHIL,192
10,A,BHRAMAN,48
10,A,BRAHMAN,48
10,A,BRAHMIN,240
10,A,CHAMAR,144
10,A,CHARA,48
10,A,CHHARA,192
10,A,Cristian,48
10,A,DARJI,48
10,A,DAWOODI BOHRA,96
10,A,DHOBI,48
10,A,DINJARI,48
10,A,GENERAL,48
10,A,GUJARATI,96
10,A,Hindhu,2208
10,A,HINDU,576
10,A,ISLAM DAWOODI BOHRA,48
10,A,JAIN,864
10,A,JAT,144
10,A,KADVA PATEL,144
10,A,KADVA PATIDAR,144
10,A,KALINGA,48
10,A,KSHATRIYA,48
10,A,Kumbhar,96
10,A,LUHAR,144
10,A,LUNKER,48
10,A,MADVADI,48
10,A,MAHESHWARI,48
10,A,MALI,48
10,A,MARWARI,48
10,A,MAURYA,48
10,A,MEENA,144
10,A,MISTRY,48
10,A,MOCHI,144
10,A,MUSLIM,48
10,A,NAIR,48
10,A,OBC,48
10,A,PANDIT,48
10,A,PATEL,1728
10,A,PATIDAR,48
10,A,PATNI,48
10,A,RABARI,48
10,A,RAJPUT,336
10,A,RAMANANDI SADHU,48
10,A,RAVAL,48
10,A,ROHIT,48
10,A,ROMAN CATHOITS,48
10,A,SHARMA,48
10,A,SIKH,48
10,A,SINDHI,8880
10,A,"SINDHI
",48
10,A,SINDHU,48
10,A,Suthar,48
10,A,TELI,48
10,A,VAGHARI,96
10,A,VALAND,48
10,A,VANKAR,432
10,A,WAGHRI,48
10,A,YADAV,48
10,B,,350
10,B,   ,60305
10,B,0,3710
10,B,AGARWAL,70
10,B,AGRAWAL,35
10,B,AHIR,35
10,B,ANJANA,35
10,B,ARORA,35
10,B,BHANGI,35
10,B,BHARWAD,35
10,B,BHIL,140
10,B,BHRAMAN,35
10,B,BRAHMAN,35
10,B,BRAHMIN,175
10,B,CHAMAR,105
10,B,CHARA,35
10,B,CHHARA,140
10,B,Cristian,35
10,B,DARJI,35
10,B,DAWOODI BOHRA,70
10,B,DHOBI,35
10,B,DINJARI,35
10,B,GENERAL,35
10,B,GUJARATI,70
10,B,Hindhu,1610
10,B,HINDU,420
10,B,ISLAM DAWOODI BOHRA,35
10,B,JAIN,630
10,B,JAT,105
10,B,KADVA PATEL,105
10,B,KADVA PATIDAR,105
10,B,KALINGA,35
10,B,KSHATRIYA,35
10,B,Kumbhar,70
10,B,LUHAR,105
10,B,LUNKER,35
10,B,MADVADI,35
10,B,MAHESHWARI,35
10,B,MALI,35
10,B,MARWARI,35
10,B,MAURYA,35
10,B,MEENA,105
10,B,MISTRY,35
10,B,MOCHI,105
10,B,MUSLIM,35
10,B,NAIR,35
10,B,OBC,35
10,B,PANDIT,35
10,B,PATEL,1260
10,B,PATIDAR,35
10,B,PATNI,35
10,B,RABARI,35
10,B,RAJPUT,245
10,B,RAMANANDI SADHU,35
10,B,RAVAL,35
10,B,ROHIT,35
10,B,ROMAN CATHOITS,35
10,B,SHARMA,35
10,B,SIKH,35
10,B,SINDHI,6475
10,B,"SINDHI
",35
10,B,SINDHU,35
10,B,Suthar,35
10,B,TELI,35
10,B,VAGHARI,70
10,B,VALAND,35
10,B,VANKAR,315
10,B,WAGHRI,35
10,B,YADAV,35
10,C,,370
10,C,   ,63751
10,C,0,3922
10,C,AGARWAL,74
10,C,AGRAWAL,37
10,C,AHIR,37
10,C,ANJANA,37
10,C,ARORA,37
10,C,BHANGI,37
10,C,BHARWAD,37
10,C,BHIL,148
10,C,BHRAMAN,37
10,C,BRAHMAN,37
10,C,BRAHMIN,185
10,C,CHAMAR,111
10,C,CHARA,37
10,C,CHHARA,148
10,C,Cristian,37
10,C,DARJI,37
10,C,DAWOODI BOHRA,74
10,C,DHOBI,37
10,C,DINJARI,37
10,C,GENERAL,37
10,C,GUJARATI,74
10,C,Hindhu,1702
10,C,HINDU,444
10,C,ISLAM DAWOODI BOHRA,37
10,C,JAIN,666
10,C,JAT,111
10,C,KADVA PATEL,111
10,C,KADVA PATIDAR,111
10,C,KALINGA,37
10,C,KSHATRIYA,37
10,C,Kumbhar,74
10,C,LUHAR,111
10,C,LUNKER,37
10,C,MADVADI,37
10,C,MAHESHWARI,37
10,C,MALI,37
10,C,MARWARI,37
10,C,MAURYA,37
10,C,MEENA,111
10,C,MISTRY,37
10,C,MOCHI,111
10,C,MUSLIM,37
10,C,NAIR,37
10,C,OBC,37
10,C,PANDIT,37
10,C,PATEL,1332
10,C,PATIDAR,37
10,C,PATNI,37
10,C,RABARI,37
10,C,RAJPUT,259
10,C,RAMANANDI SADHU,37
10,C,RAVAL,37
10,C,ROHIT,37
10,C,ROMAN CATHOITS,37
10,C,SHARMA,37
10,C,SIKH,37
10,C,SINDHI,6845
10,C,"SINDHI
",37
10,C,SINDHU,37
10,C,Suthar,37
10,C,TELI,37
10,C,VAGHARI,74
10,C,VALAND,37
10,C,VANKAR,333
10,C,WAGHRI,37
10,C,YADAV,37
10,D,,360
10,D,   ,62028
10,D,0,3816
10,D,AGARWAL,72
10,D,AGRAWAL,36
10,D,AHIR,36
10,D,ANJANA,36
10,D,ARORA,36
10,D,BHANGI,36
10,D,BHARWAD,36
10,D,BHIL,144
10,D,BHRAMAN,36
10,D,BRAHMAN,36
10,D,BRAHMIN,180
10,D,CHAMAR,108
10,D,CHARA,36
10,D,CHHARA,144
10,D,Cristian,36
10,D,DARJI,36
10,D,DAWOODI BOHRA,72
10,D,DHOBI,36
10,D,DINJARI,36
10,D,GENERAL,36
10,D,GUJARATI,72
10,D,Hindhu,1656
10,D,HINDU,432
10,D,ISLAM DAWOODI BOHRA,36
10,D,JAIN,648
10,D,JAT,108
10,D,KADVA PATEL,108
10,D,KADVA PATIDAR,108
10,D,KALINGA,36
10,D,KSHATRIYA,36
10,D,Kumbhar,72
10,D,LUHAR,108
10,D,LUNKER,36
10,D,MADVADI,36
10,D,MAHESHWARI,36
10,D,MALI,36
10,D,MARWARI,36
10,D,MAURYA,36
10,D,MEENA,108
10,D,MISTRY,36
10,D,MOCHI,108
10,D,MUSLIM,36
10,D,NAIR,36
10,D,OBC,36
10,D,PANDIT,36
10,D,PATEL,1296
10,D,PATIDAR,36
10,D,PATNI,36
10,D,RABARI,36
10,D,RAJPUT,252
10,D,RAMANANDI SADHU,36
10,D,RAVAL,36
10,D,ROHIT,36
10,D,ROMAN CATHOITS,36
10,D,SHARMA,36
10,D,SIKH,36
10,D,SINDHI,6660
10,D,"SINDHI
",36
10,D,SINDHU,36
10,D,Suthar,36
10,D,TELI,36
10,D,VAGHARI,72
10,D,VALAND,36
10,D,VANKAR,324
10,D,WAGHRI,36
10,D,YADAV,36
12 COMM,A,,420
12 COMM,A,   ,72366
12 COMM,A,0,4452
12 COMM,A,AGARWAL,84
12 COMM,A,AGRAWAL,42
12 COMM,A,AHIR,42
12 COMM,A,ANJANA,42
12 COMM,A,ARORA,42
12 COMM,A,BHANGI,42
12 COMM,A,BHARWAD,42
12 COMM,A,BHIL,168
12 COMM,A,BHRAMAN,42
12 COMM,A,BRAHMAN,42
12 COMM,A,BRAHMIN,210
12 COMM,A,CHAMAR,126
12 COMM,A,CHARA,42
12 COMM,A,CHHARA,168
12 COMM,A,Cristian,42
12 COMM,A,DARJI,42
12 COMM,A,DAWOODI BOHRA,84
12 COMM,A,DHOBI,42
12 COMM,A,DINJARI,42
12 COMM,A,GENERAL,42
12 COMM,A,GUJARATI,84
12 COMM,A,Hindhu,1932
12 COMM,A,HINDU,504
12 COMM,A,ISLAM DAWOODI BOHRA,42
12 COMM,A,JAIN,756
12 COMM,A,JAT,126
12 COMM,A,KADVA PATEL,126
12 COMM,A,KADVA PATIDAR,126
12 COMM,A,KALINGA,42
12 COMM,A,KSHATRIYA,42
12 COMM,A,Kumbhar,84
12 COMM,A,LUHAR,126
12 COMM,A,LUNKER,42
12 COMM,A,MADVADI,42
12 COMM,A,MAHESHWARI,42
12 COMM,A,MALI,42
12 COMM,A,MARWARI,42
12 COMM,A,MAURYA,42
12 COMM,A,MEENA,126
12 COMM,A,MISTRY,42
12 COMM,A,MOCHI,126
12 COMM,A,MUSLIM,42
12 COMM,A,NAIR,42
12 COMM,A,OBC,42
12 COMM,A,PANDIT,42
12 COMM,A,PATEL,1512
12 COMM,A,PATIDAR,42
12 COMM,A,PATNI,42
12 COMM,A,RABARI,42
12 COMM,A,RAJPUT,294
12 COMM,A,RAMANANDI SADHU,42
12 COMM,A,RAVAL,42
12 COMM,A,ROHIT,42
12 COMM,A,ROMAN CATHOITS,42
12 COMM,A,SHARMA,42
12 COMM,A,SIKH,42
12 COMM,A,SINDHI,7770
12 COMM,A,"SINDHI
",42
12 COMM,A,SINDHU,42
12 COMM,A,Suthar,42
12 COMM,A,TELI,42
12 COMM,A,VAGHARI,84
12 COMM,A,VALAND,42
12 COMM,A,VANKAR,378
12 COMM,A,WAGHRI,42
12 COMM,A,YADAV,42
12 SCI,A,,300
12 SCI,A,   ,51690
12 SCI,A,0,3180
12 SCI,A,AGARWAL,60
12 SCI,A,AGRAWAL,30
12 SCI,A,AHIR,30
12 SCI,A,ANJANA,30
12 SCI,A,ARORA,30
12 SCI,A,BHANGI,30
12 SCI,A,BHARWAD,30
12 SCI,A,BHIL,120
12 SCI,A,BHRAMAN,30
12 SCI,A,BRAHMAN,30
12 SCI,A,BRAHMIN,150
12 SCI,A,CHAMAR,90
12 SCI,A,CHARA,30
12 SCI,A,CHHARA,120
12 SCI,A,Cristian,30
12 SCI,A,DARJI,30
12 SCI,A,DAWOODI BOHRA,60
12 SCI,A,DHOBI,30
12 SCI,A,DINJARI,30
12 SCI,A,GENERAL,30
12 SCI,A,GUJARATI,60
12 SCI,A,Hindhu,1380
12 SCI,A,HINDU,360
12 SCI,A,ISLAM DAWOODI BOHRA,30
12 SCI,A,JAIN,540
12 SCI,A,JAT,90
12 SCI,A,KADVA PATEL,90
12 SCI,A,KADVA PATIDAR,90
12 SCI,A,KALINGA,30
12 SCI,A,KSHATRIYA,30
12 SCI,A,Kumbhar,60
12 SCI,A,LUHAR,90
12 SCI,A,LUNKER,30
12 SCI,A,MADVADI,30
12 SCI,A,MAHESHWARI,30
12 SCI,A,MALI,30
12 SCI,A,MARWARI,30
12 SCI,A,MAURYA,30
12 SCI,A,MEENA,90
12 SCI,A,MISTRY,30
12 SCI,A,MOCHI,90
12 SCI,A,MUSLIM,30
12 SCI,A,NAIR,30
12 SCI,A,OBC,30
12 SCI,A,PANDIT,30
12 SCI,A,PATEL,1080
12 SCI,A,PATIDAR,30
12 SCI,A,PATNI,30
12 SCI,A,RABARI,30
12 SCI,A,RAJPUT,210
12 SCI,A,RAMANANDI SADHU,30
12 SCI,A,RAVAL,30
12 SCI,A,ROHIT,30
12 SCI,A,ROMAN CATHOITS,30
12 SCI,A,SHARMA,30
12 SCI,A,SIKH,30
12 SCI,A,SINDHI,5550
12 SCI,A,"SINDHI
",30
12 SCI,A,SINDHU,30
12 SCI,A,Suthar,30
12 SCI,A,TELI,30
12 SCI,A,VAGHARI,60
12 SCI,A,VALAND,30
12 SCI,A,VANKAR,270
12 SCI,A,WAGHRI,30
12 SCI,A,YADAV,30
2,A,,450
2,A,   ,77535
2,A,0,4770
2,A,AGARWAL,90
2,A,AGRAWAL,45
2,A,AHIR,45
2,A,ANJANA,45
2,A,ARORA,45
2,A,BHANGI,45
2,A,BHARWAD,45
2,A,BHIL,180
2,A,BHRAMAN,45
2,A,BRAHMAN,45
2,A,BRAHMIN,225
2,A,CHAMAR,135
2,A,CHARA,45
2,A,CHHARA,180
2,A,Cristian,45
2,A,DARJI,45
2,A,DAWOODI BOHRA,90
2,A,DHOBI,45
2,A,DINJARI,45
2,A,GENERAL,45
2,A,GUJARATI,90
2,A,Hindhu,2070
2,A,HINDU,540
2,A,ISLAM DAWOODI BOHRA,45
2,A,JAIN,810
2,A,JAT,135
2,A,KADVA PATEL,135
2,A,KADVA PATIDAR,135
2,A,KALINGA,45
2,A,KSHATRIYA,45
2,A,Kumbhar,90
2,A,LUHAR,135
2,A,LUNKER,45
2,A,MADVADI,45
2,A,MAHESHWARI,45
2,A,MALI,45
2,A,MARWARI,45
2,A,MAURYA,45
2,A,MEENA,135
2,A,MISTRY,45
2,A,MOCHI,135
2,A,MUSLIM,45
2,A,NAIR,45
2,A,OBC,45
2,A,PANDIT,45
2,A,PATEL,1620
2,A,PATIDAR,45
2,A,PATNI,45
2,A,RABARI,45
2,A,RAJPUT,315
2,A,RAMANANDI SADHU,45
2,A,RAVAL,45
2,A,ROHIT,45
2,A,ROMAN CATHOITS,45
2,A,SHARMA,45
2,A,SIKH,45
2,A,SINDHI,8325
2,A,"SINDHI
",45
2,A,SINDHU,45
2,A,Suthar,45
2,A,TELI,45
2,A,VAGHARI,90
2,A,VALAND,45
2,A,VANKAR,405
2,A,WAGHRI,45
2,A,YADAV,45
2,B,,450
2,B,   ,77535
2,B,0,4770
2,B,AGARWAL,90
2,B,AGRAWAL,45
2,B,AHIR,45
2,B,ANJANA,45
2,B,ARORA,45
2,B,BHANGI,45
2,B,BHARWAD,45
2,B,BHIL,180
2,B,BHRAMAN,45
2,B,BRAHMAN,45
2,B,BRAHMIN,225
2,B,CHAMAR,135
2,B,CHARA,45
2,B,CHHARA,180
2,B,Cristian,45
2,B,DARJI,45
2,B,DAWOODI BOHRA,90
2,B,DHOBI,45
2,B,DINJARI,45
2,B,GENERAL,45
2,B,GUJARATI,90
2,B,Hindhu,2070
2,B,HINDU,540
2,B,ISLAM DAWOODI BOHRA,45
2,B,JAIN,810
2,B,JAT,135
2,B,KADVA PATEL,135
2,B,KADVA PATIDAR,135
2,B,KALINGA,45
2,B,KSHATRIYA,45
2,B,Kumbhar,90
2,B,LUHAR,135
2,B,LUNKER,45
2,B,MADVADI,45
2,B,MAHESHWARI,45
2,B,MALI,45
2,B,MARWARI,45
2,B,MAURYA,45
2,B,MEENA,135
2,B,MISTRY,45
2,B,MOCHI,135
2,B,MUSLIM,45
2,B,NAIR,45
2,B,OBC,45
2,B,PANDIT,45
2,B,PATEL,1620
2,B,PATIDAR,45
2,B,PATNI,45
2,B,RABARI,45
2,B,RAJPUT,315
2,B,RAMANANDI SADHU,45
2,B,RAVAL,45
2,B,ROHIT,45
2,B,ROMAN CATHOITS,45
2,B,SHARMA,45
2,B,SIKH,45
2,B,SINDHI,8325
2,B,"SINDHI
",45
2,B,SINDHU,45
2,B,Suthar,45
2,B,TELI,45
2,B,VAGHARI,90
2,B,VALAND,45
2,B,VANKAR,405
2,B,WAGHRI,45
2,B,YADAV,45
2,C,,450
2,C,   ,77535
2,C,0,4770
2,C,AGARWAL,90
2,C,AGRAWAL,45
2,C,AHIR,45
2,C,ANJANA,45
2,C,ARORA,45
2,C,BHANGI,45
2,C,BHARWAD,45
2,C,BHIL,180
2,C,BHRAMAN,45
2,C,BRAHMAN,45
2,C,BRAHMIN,225
2,C,CHAMAR,135
2,C,CHARA,45
2,C,CHHARA,180
2,C,Cristian,45
2,C,DARJI,45
2,C,DAWOODI BOHRA,90
2,C,DHOBI,45
2,C,DINJARI,45
2,C,GENERAL,45
2,C,GUJARATI,90
2,C,Hindhu,2070
2,C,HINDU,540
2,C,ISLAM DAWOODI BOHRA,45
2,C,JAIN,810
2,C,JAT,135
2,C,KADVA PATEL,135
2,C,KADVA PATIDAR,135
2,C,KALINGA,45
2,C,KSHATRIYA,45
2,C,Kumbhar,90
2,C,LUHAR,135
2,C,LUNKER,45
2,C,MADVADI,45
2,C,MAHESHWARI,45
2,C,MALI,45
2,C,MARWARI,45
2,C,MAURYA,45
2,C,MEENA,135
2,C,MISTRY,45
2,C,MOCHI,135
2,C,MUSLIM,45
2,C,NAIR,45
2,C,OBC,45
2,C,PANDIT,45
2,C,PATEL,1620
2,C,PATIDAR,45
2,C,PATNI,45
2,C,RABARI,45
2,C,RAJPUT,315
2,C,RAMANANDI SADHU,45
2,C,RAVAL,45
2,C,ROHIT,45
2,C,ROMAN CATHOITS,45
2,C,SHARMA,45
2,C,SIKH,45
2,C,SINDHI,8325
2,C,"SINDHI
",45
2,C,SINDHU,45
2,C,Suthar,45
2,C,TELI,45
2,C,VAGHARI,90
2,C,VALAND,45
2,C,VANKAR,405
2,C,WAGHRI,45
2,C,YADAV,45
2,D,,420
2,D,   ,72366
2,D,0,4452
2,D,AGARWAL,84
2,D,AGRAWAL,42
2,D,AHIR,42
2,D,ANJANA,42
2,D,ARORA,42
2,D,BHANGI,42
2,D,BHARWAD,42
2,D,BHIL,168
2,D,BHRAMAN,42
2,D,BRAHMAN,42
2,D,BRAHMIN,210
2,D,CHAMAR,126
2,D,CHARA,42
2,D,CHHARA,168
2,D,Cristian,42
2,D,DARJI,42
2,D,DAWOODI BOHRA,84
2,D,DHOBI,42
2,D,DINJARI,42
2,D,GENERAL,42
2,D,GUJARATI,84
2,D,Hindhu,1932
2,D,HINDU,504
2,D,ISLAM DAWOODI BOHRA,42
2,D,JAIN,756
2,D,JAT,126
2,D,KADVA PATEL,126
2,D,KADVA PATIDAR,126
2,D,KALINGA,42
2,D,KSHATRIYA,42
2,D,Kumbhar,84
2,D,LUHAR,126
2,D,LUNKER,42
2,D,MADVADI,42
2,D,MAHESHWARI,42
2,D,MALI,42
2,D,MARWARI,42
2,D,MAURYA,42
2,D,MEENA,126
2,D,MISTRY,42
2,D,MOCHI,126
2,D,MUSLIM,42
2,D,NAIR,42
2,D,OBC,42
2,D,PANDIT,42
2,D,PATEL,1512
2,D,PATIDAR,42
2,D,PATNI,42
2,D,RABARI,42
2,D,RAJPUT,294
2,D,RAMANANDI SADHU,42
2,D,RAVAL,42
2,D,ROHIT,42
2,D,ROMAN CATHOITS,42
2,D,SHARMA,42
2,D,SIKH,42
2,D,SINDHI,7770
2,D,"SINDHI
",42
2,D,SINDHU,42
2,D,Suthar,42
2,D,TELI,42
2,D,VAGHARI,84
2,D,VALAND,42
2,D,VANKAR,378
2,D,WAGHRI,42
2,D,YADAV,42
3,A,,400
3,A,   ,68920
3,A,0,4240
3,A,AGARWAL,80
3,A,AGRAWAL,40
3,A,AHIR,40
3,A,ANJANA,40
3,A,ARORA,40
3,A,BHANGI,40
3,A,BHARWAD,40
3,A,BHIL,160
3,A,BHRAMAN,40
3,A,BRAHMAN,40
3,A,BRAHMIN,200
3,A,CHAMAR,120
3,A,CHARA,40
3,A,CHHARA,160
3,A,Cristian,40
3,A,DARJI,40
3,A,DAWOODI BOHRA,80
3,A,DHOBI,40
3,A,DINJARI,40
3,A,GENERAL,40
3,A,GUJARATI,80
3,A,Hindhu,1840
3,A,HINDU,480
3,A,ISLAM DAWOODI BOHRA,40
3,A,JAIN,720
3,A,JAT,120
3,A,KADVA PATEL,120
3,A,KADVA PATIDAR,120
3,A,KALINGA,40
3,A,KSHATRIYA,40
3,A,Kumbhar,80
3,A,LUHAR,120
3,A,LUNKER,40
3,A,MADVADI,40
3,A,MAHESHWARI,40
3,A,MALI,40
3,A,MARWARI,40
3,A,MAURYA,40
3,A,MEENA,120
3,A,MISTRY,40
3,A,MOCHI,120
3,A,MUSLIM,40
3,A,NAIR,40
3,A,OBC,40
3,A,PANDIT,40
3,A,PATEL,1440
3,A,PATIDAR,40
3,A,PATNI,40
3,A,RABARI,40
3,A,RAJPUT,280
3,A,RAMANANDI SADHU,40
3,A,RAVAL,40
3,A,ROHIT,40
3,A,ROMAN CATHOITS,40
3,A,SHARMA,40
3,A,SIKH,40
3,A,SINDHI,7400
3,A,"SINDHI
",40
3,A,SINDHU,40
3,A,Suthar,40
3,A,TELI,40
3,A,VAGHARI,80
3,A,VALAND,40
3,A,VANKAR,360
3,A,WAGHRI,40
3,A,YADAV,40
3,B,,410
3,B,   ,70643
3,B,0,4346
3,B,AGARWAL,82
3,B,AGRAWAL,41
3,B,AHIR,41
3,B,ANJANA,41
3,B,ARORA,41
3,B,BHANGI,41
3,B,BHARWAD,41
3,B,BHIL,164
3,B,BHRAMAN,41
3,B,BRAHMAN,41
3,B,BRAHMIN,205
3,B,CHAMAR,123
3,B,CHARA,41
3,B,CHHARA,164
3,B,Cristian,41
3,B,DARJI,41
3,B,DAWOODI BOHRA,82
3,B,DHOBI,41
3,B,DINJARI,41
3,B,GENERAL,41
3,B,GUJARATI,82
3,B,Hindhu,1886
3,B,HINDU,492
3,B,ISLAM DAWOODI BOHRA,41
3,B,JAIN,738
3,B,JAT,123
3,B,KADVA PATEL,123
3,B,KADVA PATIDAR,123
3,B,KALINGA,41
3,B,KSHATRIYA,41
3,B,Kumbhar,82
3,B,LUHAR,123
3,B,LUNKER,41
3,B,MADVADI,41
3,B,MAHESHWARI,41
3,B,MALI,41
3,B,MARWARI,41
3,B,MAURYA,41
3,B,MEENA,123
3,B,MISTRY,41
3,B,MOCHI,123
3,B,MUSLIM,41
3,B,NAIR,41
3,B,OBC,41
3,B,PANDIT,41
3,B,PATEL,1476
3,B,PATIDAR,41
3,B,PATNI,41
3,B,RABARI,41
3,B,RAJPUT,287
3,B,RAMANANDI SADHU,41
3,B,RAVAL,41
3,B,ROHIT,41
3,B,ROMAN CATHOITS,41
3,B,SHARMA,41
3,B,SIKH,41
3,B,SINDHI,7585
3,B,"SINDHI
",41
3,B,SINDHU,41
3,B,Suthar,41
3,B,TELI,41
3,B,VAGHARI,82
3,B,VALAND,41
3,B,VANKAR,369
3,B,WAGHRI,41
3,B,YADAV,41
3,C,,420
3,C,   ,72366
3,C,0,4452
3,C,AGARWAL,84
3,C,AGRAWAL,42
3,C,AHIR,42
3,C,ANJANA,42
3,C,ARORA,42
3,C,BHANGI,42
3,C,BHARWAD,42
3,C,BHIL,168
3,C,BHRAMAN,42
3,C,BRAHMAN,42
3,C,BRAHMIN,210
3,C,CHAMAR,126
3,C,CHARA,42
3,C,CHHARA,168
3,C,Cristian,42
3,C,DARJI,42
3,C,DAWOODI BOHRA,84
3,C,DHOBI,42
3,C,DINJARI,42
3,C,GENERAL,42
3,C,GUJARATI,84
3,C,Hindhu,1932
3,C,HINDU,504
3,C,ISLAM DAWOODI BOHRA,42
3,C,JAIN,756
3,C,JAT,126
3,C,KADVA PATEL,126
3,C,KADVA PATIDAR,126
3,C,KALINGA,42
3,C,KSHATRIYA,42
3,C,Kumbhar,84
3,C,LUHAR,126
3,C,LUNKER,42
3,C,MADVADI,42
3,C,MAHESHWARI,42
3,C,MALI,42
3,C,MARWARI,42
3,C,MAURYA,42
3,C,MEENA,126
3,C,MISTRY,42
3,C,MOCHI,126
3,C,MUSLIM,42
3,C,NAIR,42
3,C,OBC,42
3,C,PANDIT,42
3,C,PATEL,1512
3,C,PATIDAR,42
3,C,PATNI,42
3,C,RABARI,42
3,C,RAJPUT,294
3,C,RAMANANDI SADHU,42
3,C,RAVAL,42
3,C,ROHIT,42
3,C,ROMAN CATHOITS,42
3,C,SHARMA,42
3,C,SIKH,42
3,C,SINDHI,7770
3,C,"SINDHI
",42
3,C,SINDHU,42
3,C,Suthar,42
3,C,TELI,42
3,C,VAGHARI,84
3,C,VALAND,42
3,C,VANKAR,378
3,C,WAGHRI,42
3,C,YADAV,42
3,D,,410
3,D,   ,70643
3,D,0,4346
3,D,AGARWAL,82
3,D,AGRAWAL,41
3,D,AHIR,41
3,D,ANJANA,41
3,D,ARORA,41
3,D,BHANGI,41
3,D,BHARWAD,41
3,D,BHIL,164
3,D,BHRAMAN,41
3,D,BRAHMAN,41
3,D,BRAHMIN,205
3,D,CHAMAR,123
3,D,CHARA,41
3,D,CHHARA,164
3,D,Cristian,41
3,D,DARJI,41
3,D,DAWOODI BOHRA,82
3,D,DHOBI,41
3,D,DINJARI,41
3,D,GENERAL,41
3,D,GUJARATI,82
3,D,Hindhu,1886
3,D,HINDU,492
3,D,ISLAM DAWOODI BOHRA,41
3,D,JAIN,738
3,D,JAT,123
3,D,KADVA PATEL,123
3,D,KADVA PATIDAR,123
3,D,KALINGA,41
3,D,KSHATRIYA,41
3,D,Kumbhar,82
3,D,LUHAR,123
3,D,LUNKER,41
3,D,MADVADI,41
3,D,MAHESHWARI,41
3,D,MALI,41
3,D,MARWARI,41
3,D,MAURYA,41
3,D,MEENA,123
3,D,MISTRY,41
3,D,MOCHI,123
3,D,MUSLIM,41
3,D,NAIR,41
3,D,OBC,41
3,D,PANDIT,41
3,D,PATEL,1476
3,D,PATIDAR,41
3,D,PATNI,41
3,D,RABARI,41
3,D,RAJPUT,287
3,D,RAMANANDI SADHU,41
3,D,RAVAL,41
3,D,ROHIT,41
3,D,ROMAN CATHOITS,41
3,D,SHARMA,41
3,D,SIKH,41
3,D,SINDHI,7585
3,D,"SINDHI
",41
3,D,SINDHU,41
3,D,Suthar,41
3,D,TELI,41
3,D,VAGHARI,82
3,D,VALAND,41
3,D,VANKAR,369
3,D,WAGHRI,41
3,D,YADAV,41
4,A,,450
4,A,   ,77535
4,A,0,4770
4,A,AGARWAL,90
4,A,AGRAWAL,45
4,A,AHIR,45
4,A,ANJANA,45
4,A,ARORA,45
4,A,BHANGI,45
4,A,BHARWAD,45
4,A,BHIL,180
4,A,BHRAMAN,45
4,A,BRAHMAN,45
4,A,BRAHMIN,225
4,A,CHAMAR,135
4,A,CHARA,45
4,A,CHHARA,180
4,A,Cristian,45
4,A,DARJI,45
4,A,DAWOODI BOHRA,90
4,A,DHOBI,45
4,A,DINJARI,45
4,A,GENERAL,45
4,A,GUJARATI,90
4,A,Hindhu,2070
4,A,HINDU,540
4,A,ISLAM DAWOODI BOHRA,45
4,A,JAIN,810
4,A,JAT,135
4,A,KADVA PATEL,135
4,A,KADVA PATIDAR,135
4,A,KALINGA,45
4,A,KSHATRIYA,45
4,A,Kumbhar,90
4,A,LUHAR,135
4,A,LUNKER,45
4,A,MADVADI,45
4,A,MAHESHWARI,45
4,A,MALI,45
4,A,MARWARI,45
4,A,MAURYA,45
4,A,MEENA,135
4,A,MISTRY,45
4,A,MOCHI,135
4,A,MUSLIM,45
4,A,NAIR,45
4,A,OBC,45
4,A,PANDIT,45
4,A,PATEL,1620
4,A,PATIDAR,45
4,A,PATNI,45
4,A,RABARI,45
4,A,RAJPUT,315
4,A,RAMANANDI SADHU,45
4,A,RAVAL,45
4,A,ROHIT,45
4,A,ROMAN CATHOITS,45
4,A,SHARMA,45
4,A,SIKH,45
4,A,SINDHI,8325
4,A,"SINDHI
",45
4,A,SINDHU,45
4,A,Suthar,45
4,A,TELI,45
4,A,VAGHARI,90
4,A,VALAND,45
4,A,VANKAR,405
4,A,WAGHRI,45
4,A,YADAV,45
4,B,,430
4,B,   ,74089
4,B,0,4558
4,B,AGARWAL,86
4,B,AGRAWAL,43
4,B,AHIR,43
4,B,ANJANA,43
4,B,ARORA,43
4,B,BHANGI,43
4,B,BHARWAD,43
4,B,BHIL,172
4,B,BHRAMAN,43
4,B,BRAHMAN,43
4,B,BRAHMIN,215
4,B,CHAMAR,129
4,B,CHARA,43
4,B,CHHARA,172
4,B,Cristian,43
4,B,DARJI,43
4,B,DAWOODI BOHRA,86
4,B,DHOBI,43
4,B,DINJARI,43
4,B,GENERAL,43
4,B,GUJARATI,86
4,B,Hindhu,1978
4,B,HINDU,516
4,B,ISLAM DAWOODI BOHRA,43
4,B,JAIN,774
4,B,JAT,129
4,B,KADVA PATEL,129
4,B,KADVA PATIDAR,129
4,B,KALINGA,43
4,B,KSHATRIYA,43
4,B,Kumbhar,86
4,B,LUHAR,129
4,B,LUNKER,43
4,B,MADVADI,43
4,B,MAHESHWARI,43
4,B,MALI,43
4,B,MARWARI,43
4,B,MAURYA,43
4,B,MEENA,129
4,B,MISTRY,43
4,B,MOCHI,129
4,B,MUSLIM,43
4,B,NAIR,43
4,B,OBC,43
4,B,PANDIT,43
4,B,PATEL,1548
4,B,PATIDAR,43
4,B,PATNI,43
4,B,RABARI,43
4,B,RAJPUT,301
4,B,RAMANANDI SADHU,43
4,B,RAVAL,43
4,B,ROHIT,43
4,B,ROMAN CATHOITS,43
4,B,SHARMA,43
4,B,SIKH,43
4,B,SINDHI,7955
4,B,"SINDHI
",43
4,B,SINDHU,43
4,B,Suthar,43
4,B,TELI,43
4,B,VAGHARI,86
4,B,VALAND,43
4,B,VANKAR,387
4,B,WAGHRI,43
4,B,YADAV,43
4,C,,450
4,C,   ,77535
4,C,0,4770
4,C,AGARWAL,90
4,C,AGRAWAL,45
4,C,AHIR,45
4,C,ANJANA,45
4,C,ARORA,45
4,C,BHANGI,45
4,C,BHARWAD,45
4,C,BHIL,180
4,C,BHRAMAN,45
4,C,BRAHMAN,45
4,C,BRAHMIN,225
4,C,CHAMAR,135
4,C,CHARA,45
4,C,CHHARA,180
4,C,Cristian,45
4,C,DARJI,45
4,C,DAWOODI BOHRA,90
4,C,DHOBI,45
4,C,DINJARI,45
4,C,GENERAL,45
4,C,GUJARATI,90
4,C,Hindhu,2070
4,C,HINDU,540
4,C,ISLAM DAWOODI BOHRA,45
4,C,JAIN,810
4,C,JAT,135
4,C,KADVA PATEL,135
4,C,KADVA PATIDAR,135
4,C,KALINGA,45
4,C,KSHATRIYA,45
4,C,Kumbhar,90
4,C,LUHAR,135
4,C,LUNKER,45
4,C,MADVADI,45
4,C,MAHESHWARI,45
4,C,MALI,45
4,C,MARWARI,45
4,C,MAURYA,45
4,C,MEENA,135
4,C,MISTRY,45
4,C,MOCHI,135
4,C,MUSLIM,45
4,C,NAIR,45
4,C,OBC,45
4,C,PANDIT,45
4,C,PATEL,1620
4,C,PATIDAR,45
4,C,PATNI,45
4,C,RABARI,45
4,C,RAJPUT,315
4,C,RAMANANDI SADHU,45
4,C,RAVAL,45
4,C,ROHIT,45
4,C,ROMAN CATHOITS,45
4,C,SHARMA,45
4,C,SIKH,45
4,C,SINDHI,8325
4,C,"SINDHI
",45
4,C,SINDHU,45
4,C,Suthar,45
4,C,TELI,45
4,C,VAGHARI,90
4,C,VALAND,45
4,C,VANKAR,405
4,C,WAGHRI,45
4,C,YADAV,45
4,D,,430
4,D,   ,74089
4,D,0,4558
4,D,AGARWAL,86
4,D,AGRAWAL,43
4,D,AHIR,43
4,D,ANJANA,43
4,D,ARORA,43
4,D,BHANGI,43
4,D,BHARWAD,43
4,D,BHIL,172
4,D,BHRAMAN,43
4,D,BRAHMAN,43
4,D,BRAHMIN,215
4,D,CHAMAR,129
4,D,CHARA,43
4,D,CHHARA,172
4,D,Cristian,43
4,D,DARJI,43
4,D,DAWOODI BOHRA,86
4,D,DHOBI,43
4,D,DINJARI,43
4,D,GENERAL,43
4,D,GUJARATI,86
4,D,Hindhu,1978
4,D,HINDU,516
4,D,ISLAM DAWOODI BOHRA,43
4,D,JAIN,774
4,D,JAT,129
4,D,KADVA PATEL,129
4,D,KADVA PATIDAR,129
4,D,KALINGA,43
4,D,KSHATRIYA,43
4,D,Kumbhar,86
4,D,LUHAR,129
4,D,LUNKER,43
4,D,MADVADI,43
4,D,MAHESHWARI,43
4,D,MALI,43
4,D,MARWARI,43
4,D,MAURYA,43
4,D,MEENA,129
4,D,MISTRY,43
4,D,MOCHI,129
4,D,MUSLIM,43
4,D,NAIR,43
4,D,OBC,43
4,D,PANDIT,43
4,D,PATEL,1548
4,D,PATIDAR,43
4,D,PATNI,43
4,D,RABARI,43
4,D,RAJPUT,301
4,D,RAMANANDI SADHU,43
4,D,RAVAL,43
4,D,ROHIT,43
4,D,ROMAN CATHOITS,43
4,D,SHARMA,43
4,D,SIKH,43
4,D,SINDHI,7955
4,D,"SINDHI
",43
4,D,SINDHU,43
4,D,Suthar,43
4,D,TELI,43
4,D,VAGHARI,86
4,D,VALAND,43
4,D,VANKAR,387
4,D,WAGHRI,43
4,D,YADAV,43
5,A,,460
5,A,   ,79258
5,A,0,4876
5,A,AGARWAL,92
5,A,AGRAWAL,46
5,A,AHIR,46
5,A,ANJANA,46
5,A,ARORA,46
5,A,BHANGI,46
5,A,BHARWAD,46
5,A,BHIL,184
5,A,BHRAMAN,46
5,A,BRAHMAN,46
5,A,BRAHMIN,230
5,A,CHAMAR,138
5,A,CHARA,46
5,A,CHHARA,184
5,A,Cristian,46
5,A,DARJI,46
5,A,DAWOODI BOHRA,92
5,A,DHOBI,46
5,A,DINJARI,46
5,A,GENERAL,46
5,A,GUJARATI,92
5,A,Hindhu,2116
5,A,HINDU,552
5,A,ISLAM DAWOODI BOHRA,46
5,A,JAIN,828
5,A,JAT,138
5,A,KADVA PATEL,138
5,A,KADVA PATIDAR,138
5,A,KALINGA,46
5,A,KSHATRIYA,46
5,A,Kumbhar,92
5,A,LUHAR,138
5,A,LUNKER,46
5,A,MADVADI,46
5,A,MAHESHWARI,46
5,A,MALI,46
5,A,MARWARI,46
5,A,MAURYA,46
5,A,MEENA,138
5,A,MISTRY,46
5,A,MOCHI,138
5,A,MUSLIM,46
5,A,NAIR,46
5,A,OBC,46
5,A,PANDIT,46
5,A,PATEL,1656
5,A,PATIDAR,46
5,A,PATNI,46
5,A,RABARI,46
5,A,RAJPUT,322
5,A,RAMANANDI SADHU,46
5,A,RAVAL,46
5,A,ROHIT,46
5,A,ROMAN CATHOITS,46
5,A,SHARMA,46
5,A,SIKH,46
5,A,SINDHI,8510
5,A,"SINDHI
",46
5,A,SINDHU,46
5,A,Suthar,46
5,A,TELI,46
5,A,VAGHARI,92
5,A,VALAND,46
5,A,VANKAR,414
5,A,WAGHRI,46
5,A,YADAV,46
5,B,,470
5,B,   ,80981
5,B,0,4982
5,B,AGARWAL,94
5,B,AGRAWAL,47
5,B,AHIR,47
5,B,ANJANA,47
5,B,ARORA,47
5,B,BHANGI,47
5,B,BHARWAD,47
5,B,BHIL,188
5,B,BHRAMAN,47
5,B,BRAHMAN,47
5,B,BRAHMIN,235
5,B,CHAMAR,141
5,B,CHARA,47
5,B,CHHARA,188
5,B,Cristian,47
5,B,DARJI,47
5,B,DAWOODI BOHRA,94
5,B,DHOBI,47
5,B,DINJARI,47
5,B,GENERAL,47
5,B,GUJARATI,94
5,B,Hindhu,2162
5,B,HINDU,564
5,B,ISLAM DAWOODI BOHRA,47
5,B,JAIN,846
5,B,JAT,141
5,B,KADVA PATEL,141
5,B,KADVA PATIDAR,141
5,B,KALINGA,47
5,B,KSHATRIYA,47
5,B,Kumbhar,94
5,B,LUHAR,141
5,B,LUNKER,47
5,B,MADVADI,47
5,B,MAHESHWARI,47
5,B,MALI,47
5,B,MARWARI,47
5,B,MAURYA,47
5,B,MEENA,141
5,B,MISTRY,47
5,B,MOCHI,141
5,B,MUSLIM,47
5,B,NAIR,47
5,B,OBC,47
5,B,PANDIT,47
5,B,PATEL,1692
5,B,PATIDAR,47
5,B,PATNI,47
5,B,RABARI,47
5,B,RAJPUT,329
5,B,RAMANANDI SADHU,47
5,B,RAVAL,47
5,B,ROHIT,47
5,B,ROMAN CATHOITS,47
5,B,SHARMA,47
5,B,SIKH,47
5,B,SINDHI,8695
5,B,"SINDHI
",47
5,B,SINDHU,47
5,B,Suthar,47
5,B,TELI,47
5,B,VAGHARI,94
5,B,VALAND,47
5,B,VANKAR,423
5,B,WAGHRI,47
5,B,YADAV,47
5,C,,470
5,C,   ,80981
5,C,0,4982
5,C,AGARWAL,94
5,C,AGRAWAL,47
5,C,AHIR,47
5,C,ANJANA,47
5,C,ARORA,47
5,C,BHANGI,47
5,C,BHARWAD,47
5,C,BHIL,188
5,C,BHRAMAN,47
5,C,BRAHMAN,47
5,C,BRAHMIN,235
5,C,CHAMAR,141
5,C,CHARA,47
5,C,CHHARA,188
5,C,Cristian,47
5,C,DARJI,47
5,C,DAWOODI BOHRA,94
5,C,DHOBI,47
5,C,DINJARI,47
5,C,GENERAL,47
5,C,GUJARATI,94
5,C,Hindhu,2162
5,C,HINDU,564
5,C,ISLAM DAWOODI BOHRA,47
5,C,JAIN,846
5,C,JAT,141
5,C,KADVA PATEL,141
5,C,KADVA PATIDAR,141
5,C,KALINGA,47
5,C,KSHATRIYA,47
5,C,Kumbhar,94
5,C,LUHAR,141
5,C,LUNKER,47
5,C,MADVADI,47
5,C,MAHESHWARI,47
5,C,MALI,47
5,C,MARWARI,47
5,C,MAURYA,47
5,C,MEENA,141
5,C,MISTRY,47
5,C,MOCHI,141
5,C,MUSLIM,47
5,C,NAIR,47
5,C,OBC,47
5,C,PANDIT,47
5,C,PATEL,1692
5,C,PATIDAR,47
5,C,PATNI,47
5,C,RABARI,47
5,C,RAJPUT,329
5,C,RAMANANDI SADHU,47
5,C,RAVAL,47
5,C,ROHIT,47
5,C,ROMAN CATHOITS,47
5,C,SHARMA,47
5,C,SIKH,47
5,C,SINDHI,8695
5,C,"SINDHI
",47
5,C,SINDHU,47
5,C,Suthar,47
5,C,TELI,47
5,C,VAGHARI,94
5,C,VALAND,47
5,C,VANKAR,423
5,C,WAGHRI,47
5,C,YADAV,47
5,D,,460
5,D,   ,79258
5,D,0,4876
5,D,AGARWAL,92
5,D,AGRAWAL,46
5,D,AHIR,46
5,D,ANJANA,46
5,D,ARORA,46
5,D,BHANGI,46
5,D,BHARWAD,46
5,D,BHIL,184
5,D,BHRAMAN,46
5,D,BRAHMAN,46
5,D,BRAHMIN,230
5,D,CHAMAR,138
5,D,CHARA,46
5,D,CHHARA,184
5,D,Cristian,46
5,D,DARJI,46
5,D,DAWOODI BOHRA,92
5,D,DHOBI,46
5,D,DINJARI,46
5,D,GENERAL,46
5,D,GUJARATI,92
5,D,Hindhu,2116
5,D,HINDU,552
5,D,ISLAM DAWOODI BOHRA,46
5,D,JAIN,828
5,D,JAT,138
5,D,KADVA PATEL,138
5,D,KADVA PATIDAR,138
5,D,KALINGA,46
5,D,KSHATRIYA,46
5,D,Kumbhar,92
5,D,LUHAR,138
5,D,LUNKER,46
5,D,MADVADI,46
5,D,MAHESHWARI,46
5,D,MALI,46
5,D,MARWARI,46
5,D,MAURYA,46
5,D,MEENA,138
5,D,MISTRY,46
5,D,MOCHI,138
5,D,MUSLIM,46
5,D,NAIR,46
5,D,OBC,46
5,D,PANDIT,46
5,D,PATEL,1656
5,D,PATIDAR,46
5,D,PATNI,46
5,D,RABARI,46
5,D,RAJPUT,322
5,D,RAMANANDI SADHU,46
5,D,RAVAL,46
5,D,ROHIT,46
5,D,ROMAN CATHOITS,46
5,D,SHARMA,46
5,D,SIKH,46
5,D,SINDHI,8510
5,D,"SINDHI
",46
5,D,SINDHU,46
5,D,Suthar,46
5,D,TELI,46
5,D,VAGHARI,92
5,D,VALAND,46
5,D,VANKAR,414
5,D,WAGHRI,46
5,D,YADAV,46
6,A,,410
6,A,   ,70643
6,A,0,4346
6,A,AGARWAL,82
6,A,AGRAWAL,41
6,A,AHIR,41
6,A,ANJANA,41
6,A,ARORA,41
6,A,BHANGI,41
6,A,BHARWAD,41
6,A,BHIL,164
6,A,BHRAMAN,41
6,A,BRAHMAN,41
6,A,BRAHMIN,205
6,A,CHAMAR,123
6,A,CHARA,41
6,A,CHHARA,164
6,A,Cristian,41
6,A,DARJI,41
6,A,DAWOODI BOHRA,82
6,A,DHOBI,41
6,A,DINJARI,41
6,A,GENERAL,41
6,A,GUJARATI,82
6,A,Hindhu,1886
6,A,HINDU,492
6,A,ISLAM DAWOODI BOHRA,41
6,A,JAIN,738
6,A,JAT,123
6,A,KADVA PATEL,123
6,A,KADVA PATIDAR,123
6,A,KALINGA,41
6,A,KSHATRIYA,41
6,A,Kumbhar,82
6,A,LUHAR,123
6,A,LUNKER,41
6,A,MADVADI,41
6,A,MAHESHWARI,41
6,A,MALI,41
6,A,MARWARI,41
6,A,MAURYA,41
6,A,MEENA,123
6,A,MISTRY,41
6,A,MOCHI,123
6,A,MUSLIM,41
6,A,NAIR,41
6,A,OBC,41
6,A,PANDIT,41
6,A,PATEL,1476
6,A,PATIDAR,41
6,A,PATNI,41
6,A,RABARI,41
6,A,RAJPUT,287
6,A,RAMANANDI SADHU,41
6,A,RAVAL,41
6,A,ROHIT,41
6,A,ROMAN CATHOITS,41
6,A,SHARMA,41
6,A,SIKH,41
6,A,SINDHI,7585
6,A,"SINDHI
",41
6,A,SINDHU,41
6,A,Suthar,41
6,A,TELI,41
6,A,VAGHARI,82
6,A,VALAND,41
6,A,VANKAR,369
6,A,WAGHRI,41
6,A,YADAV,41
6,B,,420
6,B,   ,72366
6,B,0,4452
6,B,AGARWAL,84
6,B,AGRAWAL,42
6,B,AHIR,42
6,B,ANJANA,42
6,B,ARORA,42
6,B,BHANGI,42
6,B,BHARWAD,42
6,B,BHIL,168
6,B,BHRAMAN,42
6,B,BRAHMAN,42
6,B,BRAHMIN,210
6,B,CHAMAR,126
6,B,CHARA,42
6,B,CHHARA,168
6,B,Cristian,42
6,B,DARJI,42
6,B,DAWOODI BOHRA,84
6,B,DHOBI,42
6,B,DINJARI,42
6,B,GENERAL,42
6,B,GUJARATI,84
6,B,Hindhu,1932
6,B,HINDU,504
6,B,ISLAM DAWOODI BOHRA,42
6,B,JAIN,756
6,B,JAT,126
6,B,KADVA PATEL,126
6,B,KADVA PATIDAR,126
6,B,KALINGA,42
6,B,KSHATRIYA,42
6,B,Kumbhar,84
6,B,LUHAR,126
6,B,LUNKER,42
6,B,MADVADI,42
6,B,MAHESHWARI,42
6,B,MALI,42
6,B,MARWARI,42
6,B,MAURYA,42
6,B,MEENA,126
6,B,MISTRY,42
6,B,MOCHI,126
6,B,MUSLIM,42
6,B,NAIR,42
6,B,OBC,42
6,B,PANDIT,42
6,B,PATEL,1512
6,B,PATIDAR,42
6,B,PATNI,42
6,B,RABARI,42
6,B,RAJPUT,294
6,B,RAMANANDI SADHU,42
6,B,RAVAL,42
6,B,ROHIT,42
6,B,ROMAN CATHOITS,42
6,B,SHARMA,42
6,B,SIKH,42
6,B,SINDHI,7770
6,B,"SINDHI
",42
6,B,SINDHU,42
6,B,Suthar,42
6,B,TELI,42
6,B,VAGHARI,84
6,B,VALAND,42
6,B,VANKAR,378
6,B,WAGHRI,42
6,B,YADAV,42
6,C,,430
6,C,   ,74089
6,C,0,4558
6,C,AGARWAL,86
6,C,AGRAWAL,43
6,C,AHIR,43
6,C,ANJANA,43
6,C,ARORA,43
6,C,BHANGI,43
6,C,BHARWAD,43
6,C,BHIL,172
6,C,BHRAMAN,43
6,C,BRAHMAN,43
6,C,BRAHMIN,215
6,C,CHAMAR,129
6,C,CHARA,43
6,C,CHHARA,172
6,C,Cristian,43
6,C,DARJI,43
6,C,DAWOODI BOHRA,86
6,C,DHOBI,43
6,C,DINJARI,43
6,C,GENERAL,43
6,C,GUJARATI,86
6,C,Hindhu,1978
6,C,HINDU,516
6,C,ISLAM DAWOODI BOHRA,43
6,C,JAIN,774
6,C,JAT,129
6,C,KADVA PATEL,129
6,C,KADVA PATIDAR,129
6,C,KALINGA,43
6,C,KSHATRIYA,43
6,C,Kumbhar,86
6,C,LUHAR,129
6,C,LUNKER,43
6,C,MADVADI,43
6,C,MAHESHWARI,43
6,C,MALI,43
6,C,MARWARI,43
6,C,MAURYA,43
6,C,MEENA,129
6,C,MISTRY,43
6,C,MOCHI,129
6,C,MUSLIM,43
6,C,NAIR,43
6,C,OBC,43
6,C,PANDIT,43
6,C,PATEL,1548
6,C,PATIDAR,43
6,C,PATNI,43
6,C,RABARI,43
6,C,RAJPUT,301
6,C,RAMANANDI SADHU,43
6,C,RAVAL,43
6,C,ROHIT,43
6,C,ROMAN CATHOITS,43
6,C,SHARMA,43
6,C,SIKH,43
6,C,SINDHI,7955
6,C,"SINDHI
",43
6,C,SINDHU,43
6,C,Suthar,43
6,C,TELI,43
6,C,VAGHARI,86
6,C,VALAND,43
6,C,VANKAR,387
6,C,WAGHRI,43
6,C,YADAV,43
6,D,,420
6,D,   ,72366
6,D,0,4452
6,D,AGARWAL,84
6,D,AGRAWAL,42
6,D,AHIR,42
6,D,ANJANA,42
6,D,ARORA,42
6,D,BHANGI,42
6,D,BHARWAD,42
6,D,BHIL,168
6,D,BHRAMAN,42
6,D,BRAHMAN,42
6,D,BRAHMIN,210
6,D,CHAMAR,126
6,D,CHARA,42
6,D,CHHARA,168
6,D,Cristian,42
6,D,DARJI,42
6,D,DAWOODI BOHRA,84
6,D,DHOBI,42
6,D,DINJARI,42
6,D,GENERAL,42
6,D,GUJARATI,84
6,D,Hindhu,1932
6,D,HINDU,504
6,D,ISLAM DAWOODI BOHRA,42
6,D,JAIN,756
6,D,JAT,126
6,D,KADVA PATEL,126
6,D,KADVA PATIDAR,126
6,D,KALINGA,42
6,D,KSHATRIYA,42
6,D,Kumbhar,84
6,D,LUHAR,126
6,D,LUNKER,42
6,D,MADVADI,42
6,D,MAHESHWARI,42
6,D,MALI,42
6,D,MARWARI,42
6,D,MAURYA,42
6,D,MEENA,126
6,D,MISTRY,42
6,D,MOCHI,126
6,D,MUSLIM,42
6,D,NAIR,42
6,D,OBC,42
6,D,PANDIT,42
6,D,PATEL,1512
6,D,PATIDAR,42
6,D,PATNI,42
6,D,RABARI,42
6,D,RAJPUT,294
6,D,RAMANANDI SADHU,42
6,D,RAVAL,42
6,D,ROHIT,42
6,D,ROMAN CATHOITS,42
6,D,SHARMA,42
6,D,SIKH,42
6,D,SINDHI,7770
6,D,"SINDHI
",42
6,D,SINDHU,42
6,D,Suthar,42
6,D,TELI,42
6,D,VAGHARI,84
6,D,VALAND,42
6,D,VANKAR,378
6,D,WAGHRI,42
6,D,YADAV,42
7,A,,420
7,A,   ,72366
7,A,0,4452
7,A,AGARWAL,84
7,A,AGRAWAL,42
7,A,AHIR,42
7,A,ANJANA,42
7,A,ARORA,42
7,A,BHANGI,42
7,A,BHARWAD,42
7,A,BHIL,168
7,A,BHRAMAN,42
7,A,BRAHMAN,42
7,A,BRAHMIN,210
7,A,CHAMAR,126
7,A,CHARA,42
7,A,CHHARA,168
7,A,Cristian,42
7,A,DARJI,42
7,A,DAWOODI BOHRA,84
7,A,DHOBI,42
7,A,DINJARI,42
7,A,GENERAL,42
7,A,GUJARATI,84
7,A,Hindhu,1932
7,A,HINDU,504
7,A,ISLAM DAWOODI BOHRA,42
7,A,JAIN,756
7,A,JAT,126
7,A,KADVA PATEL,126
7,A,KADVA PATIDAR,126
7,A,KALINGA,42
7,A,KSHATRIYA,42
7,A,Kumbhar,84
7,A,LUHAR,126
7,A,LUNKER,42
7,A,MADVADI,42
7,A,MAHESHWARI,42
7,A,MALI,42
7,A,MARWARI,42
7,A,MAURYA,42
7,A,MEENA,126
7,A,MISTRY,42
7,A,MOCHI,126
7,A,MUSLIM,42
7,A,NAIR,42
7,A,OBC,42
7,A,PANDIT,42
7,A,PATEL,1512
7,A,PATIDAR,42
7,A,PATNI,42
7,A,RABARI,42
7,A,RAJPUT,294
7,A,RAMANANDI SADHU,42
7,A,RAVAL,42
7,A,ROHIT,42
7,A,ROMAN CATHOITS,42
7,A,SHARMA,42
7,A,SIKH,42
7,A,SINDHI,7770
7,A,"SINDHI
",42
7,A,SINDHU,42
7,A,Suthar,42
7,A,TELI,42
7,A,VAGHARI,84
7,A,VALAND,42
7,A,VANKAR,378
7,A,WAGHRI,42
7,A,YADAV,42
7,B,,430
7,B,   ,74089
7,B,0,4558
7,B,AGARWAL,86
7,B,AGRAWAL,43
7,B,AHIR,43
7,B,ANJANA,43
7,B,ARORA,43
7,B,BHANGI,43
7,B,BHARWAD,43
7,B,BHIL,172
7,B,BHRAMAN,43
7,B,BRAHMAN,43
7,B,BRAHMIN,215
7,B,CHAMAR,129
7,B,CHARA,43
7,B,CHHARA,172
7,B,Cristian,43
7,B,DARJI,43
7,B,DAWOODI BOHRA,86
7,B,DHOBI,43
7,B,DINJARI,43
7,B,GENERAL,43
7,B,GUJARATI,86
7,B,Hindhu,1978
7,B,HINDU,516
7,B,ISLAM DAWOODI BOHRA,43
7,B,JAIN,774
7,B,JAT,129
7,B,KADVA PATEL,129
7,B,KADVA PATIDAR,129
7,B,KALINGA,43
7,B,KSHATRIYA,43
7,B,Kumbhar,86
7,B,LUHAR,129
7,B,LUNKER,43
7,B,MADVADI,43
7,B,MAHESHWARI,43
7,B,MALI,43
7,B,MARWARI,43
7,B,MAURYA,43
7,B,MEENA,129
7,B,MISTRY,43
7,B,MOCHI,129
7,B,MUSLIM,43
7,B,NAIR,43
7,B,OBC,43
7,B,PANDIT,43
7,B,PATEL,1548
7,B,PATIDAR,43
7,B,PATNI,43
7,B,RABARI,43
7,B,RAJPUT,301
7,B,RAMANANDI SADHU,43
7,B,RAVAL,43
7,B,ROHIT,43
7,B,ROMAN CATHOITS,43
7,B,SHARMA,43
7,B,SIKH,43
7,B,SINDHI,7955
7,B,"SINDHI
",43
7,B,SINDHU,43
7,B,Suthar,43
7,B,TELI,43
7,B,VAGHARI,86
7,B,VALAND,43
7,B,VANKAR,387
7,B,WAGHRI,43
7,B,YADAV,43
7,C,,400
7,C,   ,68920
7,C,0,4240
7,C,AGARWAL,80
7,C,AGRAWAL,40
7,C,AHIR,40
7,C,ANJANA,40
7,C,ARORA,40
7,C,BHANGI,40
7,C,BHARWAD,40
7,C,BHIL,160
7,C,BHRAMAN,40
7,C,BRAHMAN,40
7,C,BRAHMIN,200
7,C,CHAMAR,120
7,C,CHARA,40
7,C,CHHARA,160
7,C,Cristian,40
7,C,DARJI,40
7,C,DAWOODI BOHRA,80
7,C,DHOBI,40
7,C,DINJARI,40
7,C,GENERAL,40
7,C,GUJARATI,80
7,C,Hindhu,1840
7,C,HINDU,480
7,C,ISLAM DAWOODI BOHRA,40
7,C,JAIN,720
7,C,JAT,120
7,C,KADVA PATEL,120
7,C,KADVA PATIDAR,120
7,C,KALINGA,40
7,C,KSHATRIYA,40
7,C,Kumbhar,80
7,C,LUHAR,120
7,C,LUNKER,40
7,C,MADVADI,40
7,C,MAHESHWARI,40
7,C,MALI,40
7,C,MARWARI,40
7,C,MAURYA,40
7,C,MEENA,120
7,C,MISTRY,40
7,C,MOCHI,120
7,C,MUSLIM,40
7,C,NAIR,40
7,C,OBC,40
7,C,PANDIT,40
7,C,PATEL,1440
7,C,PATIDAR,40
7,C,PATNI,40
7,C,RABARI,40
7,C,RAJPUT,280
7,C,RAMANANDI SADHU,40
7,C,RAVAL,40
7,C,ROHIT,40
7,C,ROMAN CATHOITS,40
7,C,SHARMA,40
7,C,SIKH,40
7,C,SINDHI,7400
7,C,"SINDHI
",40
7,C,SINDHU,40
7,C,Suthar,40
7,C,TELI,40
7,C,VAGHARI,80
7,C,VALAND,40
7,C,VANKAR,360
7,C,WAGHRI,40
7,C,YADAV,40
7,D,,390
7,D,   ,67197
7,D,0,4134
7,D,AGARWAL,78
7,D,AGRAWAL,39
7,D,AHIR,39
7,D,ANJANA,39
7,D,ARORA,39
7,D,BHANGI,39
7,D,BHARWAD,39
7,D,BHIL,156
7,D,BHRAMAN,39
7,D,BRAHMAN,39
7,D,BRAHMIN,195
7,D,CHAMAR,117
7,D,CHARA,39
7,D,CHHARA,156
7,D,Cristian,39
7,D,DARJI,39
7,D,DAWOODI BOHRA,78
7,D,DHOBI,39
7,D,DINJARI,39
7,D,GENERAL,39
7,D,GUJARATI,78
7,D,Hindhu,1794
7,D,HINDU,468
7,D,ISLAM DAWOODI BOHRA,39
7,D,JAIN,702
7,D,JAT,117
7,D,KADVA PATEL,117
7,D,KADVA PATIDAR,117
7,D,KALINGA,39
7,D,KSHATRIYA,39
7,D,Kumbhar,78
7,D,LUHAR,117
7,D,LUNKER,39
7,D,MADVADI,39
7,D,MAHESHWARI,39
7,D,MALI,39
7,D,MARWARI,39
7,D,MAURYA,39
7,D,MEENA,117
7,D,MISTRY,39
7,D,MOCHI,117
7,D,MUSLIM,39
7,D,NAIR,39
7,D,OBC,39
7,D,PANDIT,39
7,D,PATEL,1404
7,D,PATIDAR,39
7,D,PATNI,39
7,D,RABARI,39
7,D,RAJPUT,273
7,D,RAMANANDI SADHU,39
7,D,RAVAL,39
7,D,ROHIT,39
7,D,ROMAN CATHOITS,39
7,D,SHARMA,39
7,D,SIKH,39
7,D,SINDHI,7215
7,D,"SINDHI
",39
7,D,SINDHU,39
7,D,Suthar,39
7,D,TELI,39
7,D,VAGHARI,78
7,D,VALAND,39
7,D,VANKAR,351
7,D,WAGHRI,39
7,D,YADAV,39
8,A,,420
8,A,   ,72366
8,A,0,4452
8,A,AGARWAL,84
8,A,AGRAWAL,42
8,A,AHIR,42
8,A,ANJANA,42
8,A,ARORA,42
8,A,BHANGI,42
8,A,BHARWAD,42
8,A,BHIL,168
8,A,BHRAMAN,42
8,A,BRAHMAN,42
8,A,BRAHMIN,210
8,A,CHAMAR,126
8,A,CHARA,42
8,A,CHHARA,168
8,A,Cristian,42
8,A,DARJI,42
8,A,DAWOODI BOHRA,84
8,A,DHOBI,42
8,A,DINJARI,42
8,A,GENERAL,42
8,A,GUJARATI,84
8,A,Hindhu,1932
8,A,HINDU,504
8,A,ISLAM DAWOODI BOHRA,42
8,A,JAIN,756
8,A,JAT,126
8,A,KADVA PATEL,126
8,A,KADVA PATIDAR,126
8,A,KALINGA,42
8,A,KSHATRIYA,42
8,A,Kumbhar,84
8,A,LUHAR,126
8,A,LUNKER,42
8,A,MADVADI,42
8,A,MAHESHWARI,42
8,A,MALI,42
8,A,MARWARI,42
8,A,MAURYA,42
8,A,MEENA,126
8,A,MISTRY,42
8,A,MOCHI,126
8,A,MUSLIM,42
8,A,NAIR,42
8,A,OBC,42
8,A,PANDIT,42
8,A,PATEL,1512
8,A,PATIDAR,42
8,A,PATNI,42
8,A,RABARI,42
8,A,RAJPUT,294
8,A,RAMANANDI SADHU,42
8,A,RAVAL,42
8,A,ROHIT,42
8,A,ROMAN CATHOITS,42
8,A,SHARMA,42
8,A,SIKH,42
8,A,SINDHI,7770
8,A,"SINDHI
",42
8,A,SINDHU,42
8,A,Suthar,42
8,A,TELI,42
8,A,VAGHARI,84
8,A,VALAND,42
8,A,VANKAR,378
8,A,WAGHRI,42
8,A,YADAV,42
8,B,,390
8,B,   ,67197
8,B,0,4134
8,B,AGARWAL,78
8,B,AGRAWAL,39
8,B,AHIR,39
8,B,ANJANA,39
8,B,ARORA,39
8,B,BHANGI,39
8,B,BHARWAD,39
8,B,BHIL,156
8,B,BHRAMAN,39
8,B,BRAHMAN,39
8,B,BRAHMIN,195
8,B,CHAMAR,117
8,B,CHARA,39
8,B,CHHARA,156
8,B,Cristian,39
8,B,DARJI,39
8,B,DAWOODI BOHRA,78
8,B,DHOBI,39
8,B,DINJARI,39
8,B,GENERAL,39
8,B,GUJARATI,78
8,B,Hindhu,1794
8,B,HINDU,468
8,B,ISLAM DAWOODI BOHRA,39
8,B,JAIN,702
8,B,JAT,117
8,B,KADVA PATEL,117
8,B,KADVA PATIDAR,117
8,B,KALINGA,39
8,B,KSHATRIYA,39
8,B,Kumbhar,78
8,B,LUHAR,117
8,B,LUNKER,39
8,B,MADVADI,39
8,B,MAHESHWARI,39
8,B,MALI,39
8,B,MARWARI,39
8,B,MAURYA,39
8,B,MEENA,117
8,B,MISTRY,39
8,B,MOCHI,117
8,B,MUSLIM,39
8,B,NAIR,39
8,B,OBC,39
8,B,PANDIT,39
8,B,PATEL,1404
8,B,PATIDAR,39
8,B,PATNI,39
8,B,RABARI,39
8,B,RAJPUT,273
8,B,RAMANANDI SADHU,39
8,B,RAVAL,39
8,B,ROHIT,39
8,B,ROMAN CATHOITS,39
8,B,SHARMA,39
8,B,SIKH,39
8,B,SINDHI,7215
8,B,"SINDHI
",39
8,B,SINDHU,39
8,B,Suthar,39
8,B,TELI,39
8,B,VAGHARI,78
8,B,VALAND,39
8,B,VANKAR,351
8,B,WAGHRI,39
8,B,YADAV,39
8,C,,380
8,C,   ,65474
8,C,0,4028
8,C,AGARWAL,76
8,C,AGRAWAL,38
8,C,AHIR,38
8,C,ANJANA,38
8,C,ARORA,38
8,C,BHANGI,38
8,C,BHARWAD,38
8,C,BHIL,152
8,C,BHRAMAN,38
8,C,BRAHMAN,38
8,C,BRAHMIN,190
8,C,CHAMAR,114
8,C,CHARA,38
8,C,CHHARA,152
8,C,Cristian,38
8,C,DARJI,38
8,C,DAWOODI BOHRA,76
8,C,DHOBI,38
8,C,DINJARI,38
8,C,GENERAL,38
8,C,GUJARATI,76
8,C,Hindhu,1748
8,C,HINDU,456
8,C,ISLAM DAWOODI BOHRA,38
8,C,JAIN,684
8,C,JAT,114
8,C,KADVA PATEL,114
8,C,KADVA PATIDAR,114
8,C,KALINGA,38
8,C,KSHATRIYA,38
8,C,Kumbhar,76
8,C,LUHAR,114
8,C,LUNKER,38
8,C,MADVADI,38
8,C,MAHESHWARI,38
8,C,MALI,38
8,C,MARWARI,38
8,C,MAURYA,38
8,C,MEENA,114
8,C,MISTRY,38
8,C,MOCHI,114
8,C,MUSLIM,38
8,C,NAIR,38
8,C,OBC,38
8,C,PANDIT,38
8,C,PATEL,1368
8,C,PATIDAR,38
8,C,PATNI,38
8,C,RABARI,38
8,C,RAJPUT,266
8,C,RAMANANDI SADHU,38
8,C,RAVAL,38
8,C,ROHIT,38
8,C,ROMAN CATHOITS,38
8,C,SHARMA,38
8,C,SIKH,38
8,C,SINDHI,7030
8,C,"SINDHI
",38
8,C,SINDHU,38
8,C,Suthar,38
8,C,TELI,38
8,C,VAGHARI,76
8,C,VALAND,38
8,C,VANKAR,342
8,C,WAGHRI,38
8,C,YADAV,38
8,D,,370
8,D,   ,63751
8,D,0,3922
8,D,AGARWAL,74
8,D,AGRAWAL,37
8,D,AHIR,37
8,D,ANJANA,37
8,D,ARORA,37
8,D,BHANGI,37
8,D,BHARWAD,37
8,D,BHIL,148
8,D,BHRAMAN,37
8,D,BRAHMAN,37
8,D,BRAHMIN,185
8,D,CHAMAR,111
8,D,CHARA,37
8,D,CHHARA,148
8,D,Cristian,37
8,D,DARJI,37
8,D,DAWOODI BOHRA,74
8,D,DHOBI,37
8,D,DINJARI,37
8,D,GENERAL,37
8,D,GUJARATI,74
8,D,Hindhu,1702
8,D,HINDU,444
8,D,ISLAM DAWOODI BOHRA,37
8,D,JAIN,666
8,D,JAT,111
8,D,KADVA PATEL,111
8,D,KADVA PATIDAR,111
8,D,KALINGA,37
8,D,KSHATRIYA,37
8,D,Kumbhar,74
8,D,LUHAR,111
8,D,LUNKER,37
8,D,MADVADI,37
8,D,MAHESHWARI,37
8,D,MALI,37
8,D,MARWARI,37
8,D,MAURYA,37
8,D,MEENA,111
8,D,MISTRY,37
8,D,MOCHI,111
8,D,MUSLIM,37
8,D,NAIR,37
8,D,OBC,37
8,D,PANDIT,37
8,D,PATEL,1332
8,D,PATIDAR,37
8,D,PATNI,37
8,D,RABARI,37
8,D,RAJPUT,259
8,D,RAMANANDI SADHU,37
8,D,RAVAL,37
8,D,ROHIT,37
8,D,ROMAN CATHOITS,37
8,D,SHARMA,37
8,D,SIKH,37
8,D,SINDHI,6845
8,D,"SINDHI
",37
8,D,SINDHU,37
8,D,Suthar,37
8,D,TELI,37
8,D,VAGHARI,74
8,D,VALAND,37
8,D,VANKAR,333
8,D,WAGHRI,37
8,D,YADAV,37
9,A,,490
9,A,   ,84427
9,A,0,5194
9,A,AGARWAL,98
9,A,AGRAWAL,49
9,A,AHIR,49
9,A,ANJANA,49
9,A,ARORA,49
9,A,BHANGI,49
9,A,BHARWAD,49
9,A,BHIL,196
9,A,BHRAMAN,49
9,A,BRAHMAN,49
9,A,BRAHMIN,245
9,A,CHAMAR,147
9,A,CHARA,49
9,A,CHHARA,196
9,A,Cristian,49
9,A,DARJI,49
9,A,DAWOODI BOHRA,98
9,A,DHOBI,49
9,A,DINJARI,49
9,A,GENERAL,49
9,A,GUJARATI,98
9,A,Hindhu,2254
9,A,HINDU,588
9,A,ISLAM DAWOODI BOHRA,49
9,A,JAIN,882
9,A,JAT,147
9,A,KADVA PATEL,147
9,A,KADVA PATIDAR,147
9,A,KALINGA,49
9,A,KSHATRIYA,49
9,A,Kumbhar,98
9,A,LUHAR,147
9,A,LUNKER,49
9,A,MADVADI,49
9,A,MAHESHWARI,49
9,A,MALI,49
9,A,MARWARI,49
9,A,MAURYA,49
9,A,MEENA,147
9,A,MISTRY,49
9,A,MOCHI,147
9,A,MUSLIM,49
9,A,NAIR,49
9,A,OBC,49
9,A,PANDIT,49
9,A,PATEL,1764
9,A,PATIDAR,49
9,A,PATNI,49
9,A,RABARI,49
9,A,RAJPUT,343
9,A,RAMANANDI SADHU,49
9,A,RAVAL,49
9,A,ROHIT,49
9,A,ROMAN CATHOITS,49
9,A,SHARMA,49
9,A,SIKH,49
9,A,SINDHI,9065
9,A,"SINDHI
",49
9,A,SINDHU,49
9,A,Suthar,49
9,A,TELI,49
9,A,VAGHARI,98
9,A,VALAND,49
9,A,VANKAR,441
9,A,WAGHRI,49
9,A,YADAV,49
9,B,,480
9,B,   ,82704
9,B,0,5088
9,B,AGARWAL,96
9,B,AGRAWAL,48
9,B,AHIR,48
9,B,ANJANA,48
9,B,ARORA,48
9,B,BHANGI,48
9,B,BHARWAD,48
9,B,BHIL,192
9,B,BHRAMAN,48
9,B,BRAHMAN,48
9,B,BRAHMIN,240
9,B,CHAMAR,144
9,B,CHARA,48
9,B,CHHARA,192
9,B,Cristian,48
9,B,DARJI,48
9,B,DAWOODI BOHRA,96
9,B,DHOBI,48
9,B,DINJARI,48
9,B,GENERAL,48
9,B,GUJARATI,96
9,B,Hindhu,2208
9,B,HINDU,576
9,B,ISLAM DAWOODI BOHRA,48
9,B,JAIN,864
9,B,JAT,144
9,B,KADVA PATEL,144
9,B,KADVA PATIDAR,144
9,B,KALINGA,48
9,B,KSHATRIYA,48
9,B,Kumbhar,96
9,B,LUHAR,144
9,B,LUNKER,48
9,B,MADVADI,48
9,B,MAHESHWARI,48
9,B,MALI,48
9,B,MARWARI,48
9,B,MAURYA,48
9,B,MEENA,144
9,B,MISTRY,48
9,B,MOCHI,144
9,B,MUSLIM,48
9,B,NAIR,48
9,B,OBC,48
9,B,PANDIT,48
9,B,PATEL,1728
9,B,PATIDAR,48
9,B,PATNI,48
9,B,RABARI,48
9,B,RAJPUT,336
9,B,RAMANANDI SADHU,48
9,B,RAVAL,48
9,B,ROHIT,48
9,B,ROMAN CATHOITS,48
9,B,SHARMA,48
9,B,SIKH,48
9,B,SINDHI,8880
9,B,"SINDHI
",48
9,B,SINDHU,48
9,B,Suthar,48
9,B,TELI,48
9,B,VAGHARI,96
9,B,VALAND,48
9,B,VANKAR,432
9,B,WAGHRI,48
9,B,YADAV,48
9,C,,480
9,C,   ,82704
9,C,0,5088
9,C,AGARWAL,96
9,C,AGRAWAL,48
9,C,AHIR,48
9,C,ANJANA,48
9,C,ARORA,48
9,C,BHANGI,48
9,C,BHARWAD,48
9,C,BHIL,192
9,C,BHRAMAN,48
9,C,BRAHMAN,48
9,C,BRAHMIN,240
9,C,CHAMAR,144
9,C,CHARA,48
9,C,CHHARA,192
9,C,Cristian,48
9,C,DARJI,48
9,C,DAWOODI BOHRA,96
9,C,DHOBI,48
9,C,DINJARI,48
9,C,GENERAL,48
9,C,GUJARATI,96
9,C,Hindhu,2208
9,C,HINDU,576
9,C,ISLAM DAWOODI BOHRA,48
9,C,JAIN,864
9,C,JAT,144
9,C,KADVA PATEL,144
9,C,KADVA PATIDAR,144
9,C,KALINGA,48
9,C,KSHATRIYA,48
9,C,Kumbhar,96
9,C,LUHAR,144
9,C,LUNKER,48
9,C,MADVADI,48
9,C,MAHESHWARI,48
9,C,MALI,48
9,C,MARWARI,48
9,C,MAURYA,48
9,C,MEENA,144
9,C,MISTRY,48
9,C,MOCHI,144
9,C,MUSLIM,48
9,C,NAIR,48
9,C,OBC,48
9,C,PANDIT,48
9,C,PATEL,1728
9,C,PATIDAR,48
9,C,PATNI,48
9,C,RABARI,48
9,C,RAJPUT,336
9,C,RAMANANDI SADHU,48
9,C,RAVAL,48
9,C,ROHIT,48
9,C,ROMAN CATHOITS,48
9,C,SHARMA,48
9,C,SIKH,48
9,C,SINDHI,8880
9,C,"SINDHI
",48
9,C,SINDHU,48
9,C,Suthar,48
9,C,TELI,48
9,C,VAGHARI,96
9,C,VALAND,48
9,C,VANKAR,432
9,C,WAGHRI,48
9,C,YADAV,48
JR.KG,A,,340
JR.KG,A,   ,58582
JR.KG,A,0,3604
JR.KG,A,AGARWAL,68
JR.KG,A,AGRAWAL,34
JR.KG,A,AHIR,34
JR.KG,A,ANJANA,34
JR.KG,A,ARORA,34
JR.KG,A,BHANGI,34
JR.KG,A,BHARWAD,34
JR.KG,A,BHIL,136
JR.KG,A,BHRAMAN,34
JR.KG,A,BRAHMAN,34
JR.KG,A,BRAHMIN,170
JR.KG,A,CHAMAR,102
JR.KG,A,CHARA,34
JR.KG,A,CHHARA,136
JR.KG,A,Cristian,34
JR.KG,A,DARJI,34
JR.KG,A,DAWOODI BOHRA,68
JR.KG,A,DHOBI,34
JR.KG,A,DINJARI,34
JR.KG,A,GENERAL,34
JR.KG,A,GUJARATI,68
JR.KG,A,Hindhu,1564
JR.KG,A,HINDU,408
JR.KG,A,ISLAM DAWOODI BOHRA,34
JR.KG,A,JAIN,612
JR.KG,A,JAT,102
JR.KG,A,KADVA PATEL,102
JR.KG,A,KADVA PATIDAR,102
JR.KG,A,KALINGA,34
JR.KG,A,KSHATRIYA,34
JR.KG,A,Kumbhar,68
JR.KG,A,LUHAR,102
JR.KG,A,LUNKER,34
JR.KG,A,MADVADI,34
JR.KG,A,MAHESHWARI,34
JR.KG,A,MALI,34
JR.KG,A,MARWARI,34
JR.KG,A,MAURYA,34
JR.KG,A,MEENA,102
JR.KG,A,MISTRY,34
JR.KG,A,MOCHI,102
JR.KG,A,MUSLIM,34
JR.KG,A,NAIR,34
JR.KG,A,OBC,34
JR.KG,A,PANDIT,34
JR.KG,A,PATEL,1224
JR.KG,A,PATIDAR,34
JR.KG,A,PATNI,34
JR.KG,A,RABARI,34
JR.KG,A,RAJPUT,238
JR.KG,A,RAMANANDI SADHU,34
JR.KG,A,RAVAL,34
JR.KG,A,ROHIT,34
JR.KG,A,ROMAN CATHOITS,34
JR.KG,A,SHARMA,34
JR.KG,A,SIKH,34
JR.KG,A,SINDHI,6290
JR.KG,A,"SINDHI
",34
JR.KG,A,SINDHU,34
JR.KG,A,Suthar,34
JR.KG,A,TELI,34
JR.KG,A,VAGHARI,68
JR.KG,A,VALAND,34
JR.KG,A,VANKAR,306
JR.KG,A,WAGHRI,34
JR.KG,A,YADAV,34
JR.KG,B,,340
JR.KG,B,   ,58582
JR.KG,B,0,3604
JR.KG,B,AGARWAL,68
JR.KG,B,AGRAWAL,34
JR.KG,B,AHIR,34
JR.KG,B,ANJANA,34
JR.KG,B,ARORA,34
JR.KG,B,BHANGI,34
JR.KG,B,BHARWAD,34
JR.KG,B,BHIL,136
JR.KG,B,BHRAMAN,34
JR.KG,B,BRAHMAN,34
JR.KG,B,BRAHMIN,170
JR.KG,B,CHAMAR,102
JR.KG,B,CHARA,34
JR.KG,B,CHHARA,136
JR.KG,B,Cristian,34
JR.KG,B,DARJI,34
JR.KG,B,DAWOODI BOHRA,68
JR.KG,B,DHOBI,34
JR.KG,B,DINJARI,34
JR.KG,B,GENERAL,34
JR.KG,B,GUJARATI,68
JR.KG,B,Hindhu,1564
JR.KG,B,HINDU,408
JR.KG,B,ISLAM DAWOODI BOHRA,34
JR.KG,B,JAIN,612
JR.KG,B,JAT,102
JR.KG,B,KADVA PATEL,102
JR.KG,B,KADVA PATIDAR,102
JR.KG,B,KALINGA,34
JR.KG,B,KSHATRIYA,34
JR.KG,B,Kumbhar,68
JR.KG,B,LUHAR,102
JR.KG,B,LUNKER,34
JR.KG,B,MADVADI,34
JR.KG,B,MAHESHWARI,34
JR.KG,B,MALI,34
JR.KG,B,MARWARI,34
JR.KG,B,MAURYA,34
JR.KG,B,MEENA,102
JR.KG,B,MISTRY,34
JR.KG,B,MOCHI,102
JR.KG,B,MUSLIM,34
JR.KG,B,NAIR,34
JR.KG,B,OBC,34
JR.KG,B,PANDIT,34
JR.KG,B,PATEL,1224
JR.KG,B,PATIDAR,34
JR.KG,B,PATNI,34
JR.KG,B,RABARI,34
JR.KG,B,RAJPUT,238
JR.KG,B,RAMANANDI SADHU,34
JR.KG,B,RAVAL,34
JR.KG,B,ROHIT,34
JR.KG,B,ROMAN CATHOITS,34
JR.KG,B,SHARMA,34
JR.KG,B,SIKH,34
JR.KG,B,SINDHI,6290
JR.KG,B,"SINDHI
",34
JR.KG,B,SINDHU,34
JR.KG,B,Suthar,34
JR.KG,B,TELI,34
JR.KG,B,VAGHARI,68
JR.KG,B,VALAND,34
JR.KG,B,VANKAR,306
JR.KG,B,WAGHRI,34
JR.KG,B,YADAV,34
JR.KG,C,,330
JR.KG,C,   ,56859
JR.KG,C,0,3498
JR.KG,C,AGARWAL,66
JR.KG,C,AGRAWAL,33
JR.KG,C,AHIR,33
JR.KG,C,ANJANA,33
JR.KG,C,ARORA,33
JR.KG,C,BHANGI,33
JR.KG,C,BHARWAD,33
JR.KG,C,BHIL,132
JR.KG,C,BHRAMAN,33
JR.KG,C,BRAHMAN,33
JR.KG,C,BRAHMIN,165
JR.KG,C,CHAMAR,99
JR.KG,C,CHARA,33
JR.KG,C,CHHARA,132
JR.KG,C,Cristian,33
JR.KG,C,DARJI,33
JR.KG,C,DAWOODI BOHRA,66
JR.KG,C,DHOBI,33
JR.KG,C,DINJARI,33
JR.KG,C,GENERAL,33
JR.KG,C,GUJARATI,66
JR.KG,C,Hindhu,1518
JR.KG,C,HINDU,396
JR.KG,C,ISLAM DAWOODI BOHRA,33
JR.KG,C,JAIN,594
JR.KG,C,JAT,99
JR.KG,C,KADVA PATEL,99
JR.KG,C,KADVA PATIDAR,99
JR.KG,C,KALINGA,33
JR.KG,C,KSHATRIYA,33
JR.KG,C,Kumbhar,66
JR.KG,C,LUHAR,99
JR.KG,C,LUNKER,33
JR.KG,C,MADVADI,33
JR.KG,C,MAHESHWARI,33
JR.KG,C,MALI,33
JR.KG,C,MARWARI,33
JR.KG,C,MAURYA,33
JR.KG,C,MEENA,99
JR.KG,C,MISTRY,33
JR.KG,C,MOCHI,99
JR.KG,C,MUSLIM,33
JR.KG,C,NAIR,33
JR.KG,C,OBC,33
JR.KG,C,PANDIT,33
JR.KG,C,PATEL,1188
JR.KG,C,PATIDAR,33
JR.KG,C,PATNI,33
JR.KG,C,RABARI,33
JR.KG,C,RAJPUT,231
JR.KG,C,RAMANANDI SADHU,33
JR.KG,C,RAVAL,33
JR.KG,C,ROHIT,33
JR.KG,C,ROMAN CATHOITS,33
JR.KG,C,SHARMA,33
JR.KG,C,SIKH,33
JR.KG,C,SINDHI,6105
JR.KG,C,"SINDHI
",33
JR.KG,C,SINDHU,33
JR.KG,C,Suthar,33
JR.KG,C,TELI,33
JR.KG,C,VAGHARI,66
JR.KG,C,VALAND,33
JR.KG,C,VANKAR,297
JR.KG,C,WAGHRI,33
JR.KG,C,YADAV,33
JR.KG,D,,340
JR.KG,D,   ,58582
JR.KG,D,0,3604
JR.KG,D,AGARWAL,68
JR.KG,D,AGRAWAL,34
JR.KG,D,AHIR,34
JR.KG,D,ANJANA,34
JR.KG,D,ARORA,34
JR.KG,D,BHANGI,34
JR.KG,D,BHARWAD,34
JR.KG,D,BHIL,136
JR.KG,D,BHRAMAN,34
JR.KG,D,BRAHMAN,34
JR.KG,D,BRAHMIN,170
JR.KG,D,CHAMAR,102
JR.KG,D,CHARA,34
JR.KG,D,CHHARA,136
JR.KG,D,Cristian,34
JR.KG,D,DARJI,34
JR.KG,D,DAWOODI BOHRA,68
JR.KG,D,DHOBI,34
JR.KG,D,DINJARI,34
JR.KG,D,GENERAL,34
JR.KG,D,GUJARATI,68
JR.KG,D,Hindhu,1564
JR.KG,D,HINDU,408
JR.KG,D,ISLAM DAWOODI BOHRA,34
JR.KG,D,JAIN,612
JR.KG,D,JAT,102
JR.KG,D,KADVA PATEL,102
JR.KG,D,KADVA PATIDAR,102
JR.KG,D,KALINGA,34
JR.KG,D,KSHATRIYA,34
JR.KG,D,Kumbhar,68
JR.KG,D,LUHAR,102
JR.KG,D,LUNKER,34
JR.KG,D,MADVADI,34
JR.KG,D,MAHESHWARI,34
JR.KG,D,MALI,34
JR.KG,D,MARWARI,34
JR.KG,D,MAURYA,34
JR.KG,D,MEENA,102
JR.KG,D,MISTRY,34
JR.KG,D,MOCHI,102
JR.KG,D,MUSLIM,34
JR.KG,D,NAIR,34
JR.KG,D,OBC,34
JR.KG,D,PANDIT,34
JR.KG,D,PATEL,1224
JR.KG,D,PATIDAR,34
JR.KG,D,PATNI,34
JR.KG,D,RABARI,34
JR.KG,D,RAJPUT,238
JR.KG,D,RAMANANDI SADHU,34
JR.KG,D,RAVAL,34
JR.KG,D,ROHIT,34
JR.KG,D,ROMAN CATHOITS,34
JR.KG,D,SHARMA,34
JR.KG,D,SIKH,34
JR.KG,D,SINDHI,6290
JR.KG,D,"SINDHI
",34
JR.KG,D,SINDHU,34
JR.KG,D,Suthar,34
JR.KG,D,TELI,34
JR.KG,D,VAGHARI,68
JR.KG,D,VALAND,34
JR.KG,D,VANKAR,306
JR.KG,D,WAGHRI,34
JR.KG,D,YADAV,34
NUR,A,,380
NUR,A,   ,65474
NUR,A,0,4028
NUR,A,AGARWAL,76
NUR,A,AGRAWAL,38
NUR,A,AHIR,38
NUR,A,ANJANA,38
NUR,A,ARORA,38
NUR,A,BHANGI,38
NUR,A,BHARWAD,38
NUR,A,BHIL,152
NUR,A,BHRAMAN,38
NUR,A,BRAHMAN,38
NUR,A,BRAHMIN,190
NUR,A,CHAMAR,114
NUR,A,CHARA,38
NUR,A,CHHARA,152
NUR,A,Cristian,38
NUR,A,DARJI,38
NUR,A,DAWOODI BOHRA,76
NUR,A,DHOBI,38
NUR,A,DINJARI,38
NUR,A,GENERAL,38
NUR,A,GUJARATI,76
NUR,A,Hindhu,1748
NUR,A,HINDU,456
NUR,A,ISLAM DAWOODI BOHRA,38
NUR,A,JAIN,684
NUR,A,JAT,114
NUR,A,KADVA PATEL,114
NUR,A,KADVA PATIDAR,114
NUR,A,KALINGA,38
NUR,A,KSHATRIYA,38
NUR,A,Kumbhar,76
NUR,A,LUHAR,114
NUR,A,LUNKER,38
NUR,A,MADVADI,38
NUR,A,MAHESHWARI,38
NUR,A,MALI,38
NUR,A,MARWARI,38
NUR,A,MAURYA,38
NUR,A,MEENA,114
NUR,A,MISTRY,38
NUR,A,MOCHI,114
NUR,A,MUSLIM,38
NUR,A,NAIR,38
NUR,A,OBC,38
NUR,A,PANDIT,38
NUR,A,PATEL,1368
NUR,A,PATIDAR,38
NUR,A,PATNI,38
NUR,A,RABARI,38
NUR,A,RAJPUT,266
NUR,A,RAMANANDI SADHU,38
NUR,A,RAVAL,38
NUR,A,ROHIT,38
NUR,A,ROMAN CATHOITS,38
NUR,A,SHARMA,38
NUR,A,SIKH,38
NUR,A,SINDHI,7030
NUR,A,"SINDHI
",38
NUR,A,SINDHU,38
NUR,A,Suthar,38
NUR,A,TELI,38
NUR,A,VAGHARI,76
NUR,A,VALAND,38
NUR,A,VANKAR,342
NUR,A,WAGHRI,38
NUR,A,YADAV,38
NUR,B,,390
NUR,B,   ,67197
NUR,B,0,4134
NUR,B,AGARWAL,78
NUR,B,AGRAWAL,39
NUR,B,AHIR,39
NUR,B,ANJANA,39
NUR,B,ARORA,39
NUR,B,BHANGI,39
NUR,B,BHARWAD,39
NUR,B,BHIL,156
NUR,B,BHRAMAN,39
NUR,B,BRAHMAN,39
NUR,B,BRAHMIN,195
NUR,B,CHAMAR,117
NUR,B,CHARA,39
NUR,B,CHHARA,156
NUR,B,Cristian,39
NUR,B,DARJI,39
NUR,B,DAWOODI BOHRA,78
NUR,B,DHOBI,39
NUR,B,DINJARI,39
NUR,B,GENERAL,39
NUR,B,GUJARATI,78
NUR,B,Hindhu,1794
NUR,B,HINDU,468
NUR,B,ISLAM DAWOODI BOHRA,39
NUR,B,JAIN,702
NUR,B,JAT,117
NUR,B,KADVA PATEL,117
NUR,B,KADVA PATIDAR,117
NUR,B,KALINGA,39
NUR,B,KSHATRIYA,39
NUR,B,Kumbhar,78
NUR,B,LUHAR,117
NUR,B,LUNKER,39
NUR,B,MADVADI,39
NUR,B,MAHESHWARI,39
NUR,B,MALI,39
NUR,B,MARWARI,39
NUR,B,MAURYA,39
NUR,B,MEENA,117
NUR,B,MISTRY,39
NUR,B,MOCHI,117
NUR,B,MUSLIM,39
NUR,B,NAIR,39
NUR,B,OBC,39
NUR,B,PANDIT,39
NUR,B,PATEL,1404
NUR,B,PATIDAR,39
NUR,B,PATNI,39
NUR,B,RABARI,39
NUR,B,RAJPUT,273
NUR,B,RAMANANDI SADHU,39
NUR,B,RAVAL,39
NUR,B,ROHIT,39
NUR,B,ROMAN CATHOITS,39
NUR,B,SHARMA,39
NUR,B,SIKH,39
NUR,B,SINDHI,7215
NUR,B,"SINDHI
",39
NUR,B,SINDHU,39
NUR,B,Suthar,39
NUR,B,TELI,39
NUR,B,VAGHARI,78
NUR,B,VALAND,39
NUR,B,VANKAR,351
NUR,B,WAGHRI,39
NUR,B,YADAV,39
NUR,C,,380
NUR,C,   ,65474
NUR,C,0,4028
NUR,C,AGARWAL,76
NUR,C,AGRAWAL,38
NUR,C,AHIR,38
NUR,C,ANJANA,38
NUR,C,ARORA,38
NUR,C,BHANGI,38
NUR,C,BHARWAD,38
NUR,C,BHIL,152
NUR,C,BHRAMAN,38
NUR,C,BRAHMAN,38
NUR,C,BRAHMIN,190
NUR,C,CHAMAR,114
NUR,C,CHARA,38
NUR,C,CHHARA,152
NUR,C,Cristian,38
NUR,C,DARJI,38
NUR,C,DAWOODI BOHRA,76
NUR,C,DHOBI,38
NUR,C,DINJARI,38
NUR,C,GENERAL,38
NUR,C,GUJARATI,76
NUR,C,Hindhu,1748
NUR,C,HINDU,456
NUR,C,ISLAM DAWOODI BOHRA,38
NUR,C,JAIN,684
NUR,C,JAT,114
NUR,C,KADVA PATEL,114
NUR,C,KADVA PATIDAR,114
NUR,C,KALINGA,38
NUR,C,KSHATRIYA,38
NUR,C,Kumbhar,76
NUR,C,LUHAR,114
NUR,C,LUNKER,38
NUR,C,MADVADI,38
NUR,C,MAHESHWARI,38
NUR,C,MALI,38
NUR,C,MARWARI,38
NUR,C,MAURYA,38
NUR,C,MEENA,114
NUR,C,MISTRY,38
NUR,C,MOCHI,114
NUR,C,MUSLIM,38
NUR,C,NAIR,38
NUR,C,OBC,38
NUR,C,PANDIT,38
NUR,C,PATEL,1368
NUR,C,PATIDAR,38
NUR,C,PATNI,38
NUR,C,RABARI,38
NUR,C,RAJPUT,266
NUR,C,RAMANANDI SADHU,38
NUR,C,RAVAL,38
NUR,C,ROHIT,38
NUR,C,ROMAN CATHOITS,38
NUR,C,SHARMA,38
NUR,C,SIKH,38
NUR,C,SINDHI,7030
NUR,C,"SINDHI
",38
NUR,C,SINDHU,38
NUR,C,Suthar,38
NUR,C,TELI,38
NUR,C,VAGHARI,76
NUR,C,VALAND,38
NUR,C,VANKAR,342
NUR,C,WAGHRI,38
NUR,C,YADAV,38
SR.KG,A,,380
SR.KG,A,   ,65474
SR.KG,A,0,4028
SR.KG,A,AGARWAL,76
SR.KG,A,AGRAWAL,38
SR.KG,A,AHIR,38
SR.KG,A,ANJANA,38
SR.KG,A,ARORA,38
SR.KG,A,BHANGI,38
SR.KG,A,BHARWAD,38
SR.KG,A,BHIL,152
SR.KG,A,BHRAMAN,38
SR.KG,A,BRAHMAN,38
SR.KG,A,BRAHMIN,190
SR.KG,A,CHAMAR,114
SR.KG,A,CHARA,38
SR.KG,A,CHHARA,152
SR.KG,A,Cristian,38
SR.KG,A,DARJI,38
SR.KG,A,DAWOODI BOHRA,76
SR.KG,A,DHOBI,38
SR.KG,A,DINJARI,38
SR.KG,A,GENERAL,38
SR.KG,A,GUJARATI,76
SR.KG,A,Hindhu,1748
SR.KG,A,HINDU,456
SR.KG,A,ISLAM DAWOODI BOHRA,38
SR.KG,A,JAIN,684
SR.KG,A,JAT,114
SR.KG,A,KADVA PATEL,114
SR.KG,A,KADVA PATIDAR,114
SR.KG,A,KALINGA,38
SR.KG,A,KSHATRIYA,38
SR.KG,A,Kumbhar,76
SR.KG,A,LUHAR,114
SR.KG,A,LUNKER,38
SR.KG,A,MADVADI,38
SR.KG,A,MAHESHWARI,38
SR.KG,A,MALI,38
SR.KG,A,MARWARI,38
SR.KG,A,MAURYA,38
SR.KG,A,MEENA,114
SR.KG,A,MISTRY,38
SR.KG,A,MOCHI,114
SR.KG,A,MUSLIM,38
SR.KG,A,NAIR,38
SR.KG,A,OBC,38
SR.KG,A,PANDIT,38
SR.KG,A,PATEL,1368
SR.KG,A,PATIDAR,38
SR.KG,A,PATNI,38
SR.KG,A,RABARI,38
SR.KG,A,RAJPUT,266
SR.KG,A,RAMANANDI SADHU,38
SR.KG,A,RAVAL,38
SR.KG,A,ROHIT,38
SR.KG,A,ROMAN CATHOITS,38
SR.KG,A,SHARMA,38
SR.KG,A,SIKH,38
SR.KG,A,SINDHI,7030
SR.KG,A,"SINDHI
",38
SR.KG,A,SINDHU,38
SR.KG,A,Suthar,38
SR.KG,A,TELI,38
SR.KG,A,VAGHARI,76
SR.KG,A,VALAND,38
SR.KG,A,VANKAR,342
SR.KG,A,WAGHRI,38
SR.KG,A,YADAV,38
SR.KG,B,,360
SR.KG,B,   ,62028
SR.KG,B,0,3816
SR.KG,B,AGARWAL,72
SR.KG,B,AGRAWAL,36
SR.KG,B,AHIR,36
SR.KG,B,ANJANA,36
SR.KG,B,ARORA,36
SR.KG,B,BHANGI,36
SR.KG,B,BHARWAD,36
SR.KG,B,BHIL,144
SR.KG,B,BHRAMAN,36
SR.KG,B,BRAHMAN,36
SR.KG,B,BRAHMIN,180
SR.KG,B,CHAMAR,108
SR.KG,B,CHARA,36
SR.KG,B,CHHARA,144
SR.KG,B,Cristian,36
SR.KG,B,DARJI,36
SR.KG,B,DAWOODI BOHRA,72
SR.KG,B,DHOBI,36
SR.KG,B,DINJARI,36
SR.KG,B,GENERAL,36
SR.KG,B,GUJARATI,72
SR.KG,B,Hindhu,1656
SR.KG,B,HINDU,432
SR.KG,B,ISLAM DAWOODI BOHRA,36
SR.KG,B,JAIN,648
SR.KG,B,JAT,108
SR.KG,B,KADVA PATEL,108
SR.KG,B,KADVA PATIDAR,108
SR.KG,B,KALINGA,36
SR.KG,B,KSHATRIYA,36
SR.KG,B,Kumbhar,72
SR.KG,B,LUHAR,108
SR.KG,B,LUNKER,36
SR.KG,B,MADVADI,36
SR.KG,B,MAHESHWARI,36
SR.KG,B,MALI,36
SR.KG,B,MARWARI,36
SR.KG,B,MAURYA,36
SR.KG,B,MEENA,108
SR.KG,B,MISTRY,36
SR.KG,B,MOCHI,108
SR.KG,B,MUSLIM,36
SR.KG,B,NAIR,36
SR.KG,B,OBC,36
SR.KG,B,PANDIT,36
SR.KG,B,PATEL,1296
SR.KG,B,PATIDAR,36
SR.KG,B,PATNI,36
SR.KG,B,RABARI,36
SR.KG,B,RAJPUT,252
SR.KG,B,RAMANANDI SADHU,36
SR.KG,B,RAVAL,36
SR.KG,B,ROHIT,36
SR.KG,B,ROMAN CATHOITS,36
SR.KG,B,SHARMA,36
SR.KG,B,SIKH,36
SR.KG,B,SINDHI,6660
SR.KG,B,"SINDHI
",36
SR.KG,B,SINDHU,36
SR.KG,B,Suthar,36
SR.KG,B,TELI,36
SR.KG,B,VAGHARI,72
SR.KG,B,VALAND,36
SR.KG,B,VANKAR,324
SR.KG,B,WAGHRI,36
SR.KG,B,YADAV,36
SR.KG,C,,380
SR.KG,C,   ,65474
SR.KG,C,0,4028
SR.KG,C,AGARWAL,76
SR.KG,C,AGRAWAL,38
SR.KG,C,AHIR,38
SR.KG,C,ANJANA,38
SR.KG,C,ARORA,38
SR.KG,C,BHANGI,38
SR.KG,C,BHARWAD,38
SR.KG,C,BHIL,152
SR.KG,C,BHRAMAN,38
SR.KG,C,BRAHMAN,38
SR.KG,C,BRAHMIN,190
SR.KG,C,CHAMAR,114
SR.KG,C,CHARA,38
SR.KG,C,CHHARA,152
SR.KG,C,Cristian,38
SR.KG,C,DARJI,38
SR.KG,C,DAWOODI BOHRA,76
SR.KG,C,DHOBI,38
SR.KG,C,DINJARI,38
SR.KG,C,GENERAL,38
SR.KG,C,GUJARATI,76
SR.KG,C,Hindhu,1748
SR.KG,C,HINDU,456
SR.KG,C,ISLAM DAWOODI BOHRA,38
SR.KG,C,JAIN,684
SR.KG,C,JAT,114
SR.KG,C,KADVA PATEL,114
SR.KG,C,KADVA PATIDAR,114
SR.KG,C,KALINGA,38
SR.KG,C,KSHATRIYA,38
SR.KG,C,Kumbhar,76
SR.KG,C,LUHAR,114
SR.KG,C,LUNKER,38
SR.KG,C,MADVADI,38
SR.KG,C,MAHESHWARI,38
SR.KG,C,MALI,38
SR.KG,C,MARWARI,38
SR.KG,C,MAURYA,38
SR.KG,C,MEENA,114
SR.KG,C,MISTRY,38
SR.KG,C,MOCHI,114
SR.KG,C,MUSLIM,38
SR.KG,C,NAIR,38
SR.KG,C,OBC,38
SR.KG,C,PANDIT,38
SR.KG,C,PATEL,1368
SR.KG,C,PATIDAR,38
SR.KG,C,PATNI,38
SR.KG,C,RABARI,38
SR.KG,C,RAJPUT,266
SR.KG,C,RAMANANDI SADHU,38
SR.KG,C,RAVAL,38
SR.KG,C,ROHIT,38
SR.KG,C,ROMAN CATHOITS,38
SR.KG,C,SHARMA,38
SR.KG,C,SIKH,38
SR.KG,C,SINDHI,7030
SR.KG,C,"SINDHI
",38
SR.KG,C,SINDHU,38
SR.KG,C,Suthar,38
SR.KG,C,TELI,38
SR.KG,C,VAGHARI,76
SR.KG,C,VALAND,38
SR.KG,C,VANKAR,342
SR.KG,C,WAGHRI,38
SR.KG,C,YADAV,38
SR.KG,D,,360
SR.KG,D,   ,62028
SR.KG,D,0,3816
SR.KG,D,AGARWAL,72
SR.KG,D,AGRAWAL,36
SR.KG,D,AHIR,36
SR.KG,D,ANJANA,36
SR.KG,D,ARORA,36
SR.KG,D,BHANGI,36
SR.KG,D,BHARWAD,36
SR.KG,D,BHIL,144
SR.KG,D,BHRAMAN,36
SR.KG,D,BRAHMAN,36
SR.KG,D,BRAHMIN,180
SR.KG,D,CHAMAR,108
SR.KG,D,CHARA,36
SR.KG,D,CHHARA,144
SR.KG,D,Cristian,36
SR.KG,D,DARJI,36
SR.KG,D,DAWOODI BOHRA,72
SR.KG,D,DHOBI,36
SR.KG,D,DINJARI,36
SR.KG,D,GENERAL,36
SR.KG,D,GUJARATI,72
SR.KG,D,Hindhu,1656
SR.KG,D,HINDU,432
SR.KG,D,ISLAM DAWOODI BOHRA,36
SR.KG,D,JAIN,648
SR.KG,D,JAT,108
SR.KG,D,KADVA PATEL,108
SR.KG,D,KADVA PATIDAR,108
SR.KG,D,KALINGA,36
SR.KG,D,KSHATRIYA,36
SR.KG,D,Kumbhar,72
SR.KG,D,LUHAR,108
SR.KG,D,LUNKER,36
SR.KG,D,MADVADI,36
SR.KG,D,MAHESHWARI,36
SR.KG,D,MALI,36
SR.KG,D,MARWARI,36
SR.KG,D,MAURYA,36
SR.KG,D,MEENA,108
SR.KG,D,MISTRY,36
SR.KG,D,MOCHI,108
SR.KG,D,MUSLIM,36
SR.KG,D,NAIR,36
SR.KG,D,OBC,36
SR.KG,D,PANDIT,36
SR.KG,D,PATEL,1296
SR.KG,D,PATIDAR,36
SR.KG,D,PATNI,36
SR.KG,D,RABARI,36
SR.KG,D,RAJPUT,252
SR.KG,D,RAMANANDI SADHU,36
SR.KG,D,RAVAL,36
SR.KG,D,ROHIT,36
SR.KG,D,ROMAN CATHOITS,36
SR.KG,D,SHARMA,36
SR.KG,D,SIKH,36
SR.KG,D,SINDHI,6660
SR.KG,D,"SINDHI
",36
SR.KG,D,SINDHU,36
SR.KG,D,Suthar,36
SR.KG,D,TELI,36
SR.KG,D,VAGHARI,72
SR.KG,D,VALAND,36
SR.KG,D,VANKAR,324
SR.KG,D,WAGHRI,36
SR.KG,D,YADAV,36
